layer_idx,layer_name,act_std_mean,act_std_cv,delta_over_std_mean,delta_over_std_max,err_rel_l2_mean,err_rel_l2_max
0,model.input_blocks.1.0.in_layers.2,0.5289566830173135,0.02556599108685827,0.10496496974776942,0.11383448815557144,0.028128136661835015,0.03540092660114169
1,model.input_blocks.1.0.emb_layers.1,0.13566144950687886,0.33461811725941315,0.1297019655604027,0.2596777438677958,0.040056855753064155,0.1158704087138176
2,model.input_blocks.1.0.cond_emb_layers.1,0.07437130622565746,0.0,0.030509608708380587,0.0361611688097441,0.01167728410102427,0.05587431648746133
3,model.input_blocks.1.0.out_layers.3,0.16420792503748088,0.23435010239125698,0.2297701030114598,0.5058639451626522,0.054485445050522684,0.1360834538936615
4,model.input_blocks.2.0.in_layers.2,0.39523837734013795,0.06919776182439026,0.16500664143093402,0.1898921686104395,0.04448221615049988,0.052956818137317896
5,model.input_blocks.2.0.emb_layers.1,0.13566144950687886,0.33461811725941315,0.1305896305653913,0.27045892973148294,0.04175614129751921,0.12280702590942383
6,model.input_blocks.2.0.cond_emb_layers.1,0.07437130622565746,0.0,0.030941528404866647,0.03628807506945111,0.022765505980933087,0.25011149048805237
7,model.input_blocks.2.0.out_layers.3,0.07422375047113747,0.27312677234113747,0.3609302567112031,0.45403184674826635,0.10037240023724735,0.12646100763231516
8,model.input_blocks.3.0.in_layers.2,0.2392280980013311,0.026562199911705078,0.16154640976145276,0.1681347844650967,0.04635461822152138,0.04835064988583326
9,model.input_blocks.3.0.emb_layers.1,0.13566144950687886,0.33461811725941315,0.1308777505258542,0.26865393123355624,0.04022956831380725,0.10840488225221634
10,model.input_blocks.3.0.cond_emb_layers.1,0.07437130622565746,0.0,0.029948635600505077,0.03537681429068026,0.025930982978316024,0.28805553168058395
11,model.input_blocks.3.0.out_layers.3,0.08773348028305918,0.22223811651486314,0.25198091135254413,0.35725196759402444,0.07361070128157735,0.09924693312495947
12,model.input_blocks.4.0.in_layers.2,0.30502734690904615,0.05078983781208275,0.15453105872359557,0.16409085817510058,0.0431769151147455,0.04620065446943045
13,model.input_blocks.4.0.emb_layers.1,0.13566144950687886,0.33461811725941315,0.1309334339194915,0.2686976346640305,0.04139908632263541,0.128242626786232
14,model.input_blocks.4.0.cond_emb_layers.1,0.07437130622565746,0.0,0.03205556369394578,0.03605071745168731,0.009388616846408696,0.015823272289708257
15,model.input_blocks.4.0.out_layers.3,0.12670464352704586,0.2670702942146896,0.17852571933809586,0.2459890091848704,0.05258844252675772,0.07075343653559685
16,model.input_blocks.5.0.in_layers.2,0.2896503109484911,0.03828003619587121,0.1373049043014408,0.14414479470806263,0.03812942342832684,0.04022680455818772
17,model.input_blocks.5.0.emb_layers.1,0.13566144950687886,0.33461811725941315,0.13072041932539077,0.2706027807190448,0.04007543947547674,0.11078529804944992
18,model.input_blocks.5.0.cond_emb_layers.1,0.07437130622565746,0.0,0.031841920003266244,0.03627657399245876,0.009387531693791971,0.020276375813409686
19,model.input_blocks.5.0.out_layers.3,0.14398484744131565,0.3827133430889832,0.1377656334846041,0.19357462864416383,0.045665517491288485,0.11598726641386747
20,model.input_blocks.6.0.in_layers.2,0.33127606492489575,0.03740046663115717,0.1086598294577129,0.11525907482148445,0.030364188521634788,0.031968117225915194
21,model.input_blocks.6.0.emb_layers.1,0.13566144950687886,0.33461811725941315,0.13067799454773757,0.27022672195885206,0.04094335103407502,0.11531795561313629
22,model.input_blocks.6.0.cond_emb_layers.1,0.07437130622565746,0.0,0.03042998869287352,0.03500767547110981,0.011025564908050001,0.12393214460462332
23,model.input_blocks.6.0.out_layers.3,0.12640164923854172,0.16510357455302438,0.21097505369218322,0.2663395764467118,0.06192215600516647,0.07612687535583973
24,model.input_blocks.7.0.in_layers.2,0.3699852091819048,0.015096068625958328,0.13125242586308836,0.13518492704721174,0.038183109196834264,0.039640787057578564
25,model.input_blocks.7.0.emb_layers.1,0.13566144950687886,0.33461811725941315,0.13114423242530626,0.26753600767400515,0.041370726488530636,0.1153564304113388
26,model.input_blocks.7.0.cond_emb_layers.1,0.07437130622565746,0.0,0.02949402184953032,0.03727110319971465,0.01593568257987499,0.22182416170835495
27,model.input_blocks.7.0.out_layers.3,0.12687303202226757,0.2776073000207873,0.2345820784917598,0.30615469038315263,0.0683363702101633,0.08659439068287611
28,model.input_blocks.8.0.in_layers.2,0.37031458199024203,0.05230739288986127,0.10920262654275968,0.11440888404965904,0.11568813506979496,0.1447255965322256
29,model.input_blocks.8.0.emb_layers.1,0.13566144950687886,0.33461811725941315,0.13042561319044924,0.25823928063843765,0.04041152141988277,0.10837843269109726
30,model.input_blocks.8.0.cond_emb_layers.1,0.07437130622565746,0.0,0.02909624356550313,0.03456540620944019,0.03575548636727035,0.6338840052485466
31,model.input_blocks.8.0.out_layers.3,0.16042323020286858,0.3311421551043457,0.24621643416110264,0.3173292803922222,0.06653305780142546,0.08359571918845177
32,model.input_blocks.9.0.in_layers.2,0.43003690559417007,0.049755865918463225,0.12063413211739211,0.14330648002967436,0.0803492399211973,0.09709441941231489
33,model.input_blocks.9.0.emb_layers.1,0.13566144950687886,0.33461811725941315,0.13011877254893117,0.2593917473596103,0.04111044835299253,0.10903482139110565
34,model.input_blocks.9.0.cond_emb_layers.1,0.07437130622565746,0.0,0.030149955926628596,0.035445779733704025,0.008794440717902035,0.010179601144045591
35,model.input_blocks.9.0.out_layers.3,0.12909032893367112,0.17637175274476632,0.39758995037772155,0.5027898884213973,0.11073969645425677,0.13974628783762455
36,model.input_blocks.10.0.in_layers.2,0.47959745686501265,0.018534330047224774,0.11272207376852349,0.12418534263108141,0.08969137185718865,0.10871849022805691
37,model.input_blocks.10.0.emb_layers.1,0.13566144950687886,0.33461811725941315,0.13050837158905076,0.26165306287996554,0.04083460232242942,0.11118432879447937
38,model.input_blocks.10.0.cond_emb_layers.1,0.07437130622565746,0.0,0.029901564058852158,0.032952825847718116,0.008735470140818507,0.00957851274870336
39,model.input_blocks.10.0.out_layers.3,0.16259557953104375,0.10187232922985993,0.10929591556941648,0.12564164589323729,0.05070127948187292,0.05885300459340215
40,model.input_blocks.11.0.in_layers.2,0.44935902178287507,0.009507882153839414,0.08136032080208792,0.0830108341184807,0.05249557817354798,0.06899364269338548
41,model.input_blocks.11.0.emb_layers.1,0.13566144950687886,0.33461811725941315,0.13122507503094352,0.2686596787109293,0.04097307328134775,0.11099009960889816
42,model.input_blocks.11.0.cond_emb_layers.1,0.07437130622565746,0.0,0.029591415146660097,0.03149818729941956,0.010201647055801004,0.07169882720336318
43,model.input_blocks.11.0.out_layers.3,0.18172987729310988,0.08279965406845013,0.1099039717488787,0.12702486149703687,0.08788687095046044,0.09975146874785423
44,model.input_blocks.12.0.in_layers.2,0.3721298500522971,0.038714025084801214,0.07307740395066377,0.08086818585898335,0.022469622765202077,0.023691474925726652
45,model.input_blocks.12.0.emb_layers.1,0.13566144950687886,0.33461811725941315,0.13116537024379757,0.2666871154162192,0.04258398124948144,0.12219582498073578
46,model.input_blocks.12.0.cond_emb_layers.1,0.07437130622565746,0.0,0.03079126828540075,0.033168449743033825,0.008946807738393545,0.009661098709329963
47,model.input_blocks.12.0.out_layers.3,0.1825616044551134,0.05896717521426927,0.08929790729958743,0.09687600198302937,0.05744371255859733,0.06238049012608826
48,model.input_blocks.13.0.in_layers.2,0.48322462037205693,0.007828428193907482,0.0621236680594475,0.06303555151284979,0.03236810592701658,0.03477194393053651
49,model.input_blocks.13.0.emb_layers.1,0.13566144950687886,0.33461811725941315,0.1312450765659919,0.2664119468646847,0.04323818646371365,0.12513600289821625
50,model.input_blocks.13.0.cond_emb_layers.1,0.07437130622565746,0.0,0.03004162395359375,0.03346673940408957,0.008842556913150475,0.010060044121928513
51,model.input_blocks.13.0.out_layers.3,0.19150286216288806,0.05784873388314808,0.09458719873731271,0.11047506071367573,0.11197535424958914,0.12262215837836266
52,model.input_blocks.14.0.in_layers.2,0.4949352145940065,0.003871844437227845,0.06643103527239677,0.06786038824678467,0.134618079951033,0.14273945055902004
53,model.input_blocks.14.0.emb_layers.1,0.13566144950687886,0.33461811725941315,0.1308320389451314,0.2670633534722612,0.04344042239710689,0.13460952043533325
54,model.input_blocks.14.0.cond_emb_layers.1,0.07437130622565746,0.0,0.029805381072590075,0.033618771336249256,0.008691124037140981,0.009817874408327043
55,model.input_blocks.14.0.out_layers.3,0.20839033169671894,0.0486311542549919,0.10370291563727715,0.1259452671135317,0.0554065773030743,0.06022722413763404
56,model.middle_block.0.in_layers.2,0.47196720145642757,0.004206629022312364,0.06693005785848273,0.06817074334861972,0.12028078286908567,0.12998075876384974
57,model.middle_block.0.emb_layers.1,0.13566144950687886,0.33461811725941315,0.13094894811913788,0.26582234609596606,0.04400543363764882,0.13310980796813965
58,model.middle_block.0.cond_emb_layers.1,0.07437130622565746,0.0,0.03021177643995058,0.03397676562799063,0.008837805007351563,0.009906492312438786
59,model.middle_block.0.out_layers.3,0.281695757471025,0.05501378813374258,0.07162773641883496,0.09083748240433469,0.13360834920778872,0.14615733828395605
60,model.middle_block.2.in_layers.2,0.45025863505899905,0.003562250790673896,0.06383542658715308,0.06539133389538572,0.0843459574924782,0.09680364653468132
61,model.middle_block.2.emb_layers.1,0.13566144950687886,0.33461811725941315,0.1310332053373676,0.26634714244284363,0.04427506390959025,0.13139215111732483
62,model.middle_block.2.cond_emb_layers.1,0.07437130622565746,0.0,0.03081340001768472,0.03331596012695483,0.008983542915666476,0.010850346414372325
63,model.middle_block.2.out_layers.3,0.32136897418648,0.06965626297067032,0.0658628260999763,0.08990413068533476,0.12657557290047408,0.14386466797441244
64,model.output_blocks.0.0.in_layers.2,0.44885274186730384,0.0034380411660167704,0.06976799801417789,0.07124365966598059,0.051678881677798924,0.05660226522013545
65,model.output_blocks.0.0.emb_layers.1,0.13566144950687886,0.33461811725941315,0.13077441384190314,0.265444853073672,0.04473052751272917,0.12986738979816437
66,model.output_blocks.0.0.cond_emb_layers.1,0.07437130622565746,0.0,0.030712522257086042,0.03360406447208978,0.008913500898052007,0.009810948511585593
67,model.output_blocks.0.0.out_layers.3,0.349071061052382,0.07794315321583083,0.09349134240979476,0.1436408407569336,0.06881012891884893,0.07568977912887931
68,model.output_blocks.1.0.in_layers.2,0.44861824113875626,0.006347970802360614,0.07207626250342603,0.0731517175414388,0.10776495173573494,0.14100968651473522
69,model.output_blocks.1.0.emb_layers.1,0.13566144950687886,0.33461811725941315,0.130855140391113,0.265561271779675,0.0446847222186625,0.12985476851463318
70,model.output_blocks.1.0.cond_emb_layers.1,0.07437130622565746,0.0,0.030217368392951655,0.03366759648450153,0.008786275765160098,0.009833977557718754
71,model.output_blocks.1.0.out_layers.3,0.30621861178427934,0.07967978093190953,0.10550990960165003,0.17355860472301177,0.04717572695342824,0.05157095054164529
72,model.output_blocks.2.0.in_layers.2,0.470749862678349,0.011498192943722872,0.06952123638305537,0.07062484690537274,0.3482266162708402,0.38957370072603226
73,model.output_blocks.2.0.emb_layers.1,0.13566144950687886,0.33461811725941315,0.13109949349296568,0.2681009302715924,0.04276534341275692,0.11894457042217255
74,model.output_blocks.2.0.cond_emb_layers.1,0.07437130622565746,0.0,0.030294803961102724,0.033898589857465994,0.008844545158790424,0.009900755132548511
75,model.output_blocks.2.0.out_layers.3,0.2652306744083762,0.0738870985959987,0.07282004388799548,0.1049934260859454,0.11853344113565982,0.13197161071002483
76,model.output_blocks.2.1.in_layers.2,0.5312595155090094,0.01545011521117516,0.05975445670743212,0.060517902991508665,0.30896995045244696,0.3374122679233551
77,model.output_blocks.2.1.emb_layers.1,0.13566144950687886,0.33461811725941315,0.13116526512089172,0.2755472346491998,0.042000713385641576,0.1172378733754158
78,model.output_blocks.2.1.cond_emb_layers.1,0.07437130622565746,0.0,0.029837704620717633,0.033514734707829084,0.008715251706307754,0.009955798392184079
79,model.output_blocks.2.1.out_layers.3,0.2965844134427607,0.06020602046376093,0.09380108134775204,0.13156806654371084,0.06887164419982582,0.08592886151745915
80,model.output_blocks.3.0.in_layers.2,0.4933370117470622,0.017237814194147397,0.08403769814795364,0.08602849655753189,0.2528105609305203,0.28332315757870674
81,model.output_blocks.3.0.emb_layers.1,0.13566144950687886,0.33461811725941315,0.13164242290138164,0.27288507737133716,0.04140686420723796,0.1100657656788826
82,model.output_blocks.3.0.cond_emb_layers.1,0.07437130622565746,0.0,0.02988234025319538,0.03345290971397779,0.008739334939746187,0.009707216289825737
83,model.output_blocks.3.0.out_layers.3,0.27665835520252585,0.06823022859851396,0.13331149522748917,0.17538615484748613,0.08775188204366714,0.0981907369568944
84,model.output_blocks.4.0.in_layers.2,0.43801011361181735,0.010445501320566507,0.07827763221259854,0.07934511620931674,0.10387109020724893,0.12215420044958591
85,model.output_blocks.4.0.emb_layers.1,0.13566144950687886,0.33461811725941315,0.13179950001030205,0.276183460978034,0.040651018619537356,0.10785383731126785
86,model.output_blocks.4.0.cond_emb_layers.1,0.07437130622565746,0.0,0.030072317630302825,0.03413914695179227,0.008761210348457098,0.009924640762619674
87,model.output_blocks.4.0.out_layers.3,0.2804520404711366,0.05279229403743769,0.10878123033019631,0.15496000451185388,0.04581396720837802,0.05771209532395005
88,model.output_blocks.5.0.in_layers.2,0.3948941013216972,0.007435483090836174,0.08797661002116204,0.08952650520881802,0.03167745467973873,0.034514511935412884
89,model.output_blocks.5.0.emb_layers.1,0.13566144950687886,0.33461811725941315,0.13103282039938033,0.26978029149728006,0.04062240594998002,0.1087343618273735
90,model.output_blocks.5.0.cond_emb_layers.1,0.07437130622565746,0.0,0.02988621337102878,0.03414382310984512,0.018225162868620828,0.33841607347130775
91,model.output_blocks.5.0.out_layers.3,0.29434696678072214,0.07653400429976871,0.09791503883718104,0.15160687843394277,0.051600635130889715,0.06107897451147437
92,model.output_blocks.5.2.in_layers.2,0.3768236053735018,0.011012721563485055,0.06164937491127429,0.06320387857320826,0.03695770651334897,0.041118239518254995
93,model.output_blocks.5.2.emb_layers.1,0.13566144950687886,0.33461811725941315,0.1309199089655268,0.266537729438318,0.040419790036976336,0.10694687813520432
94,model.output_blocks.5.2.cond_emb_layers.1,0.07437130622565746,0.0,0.03101157518577537,0.03412811285954475,0.00903228156035766,0.010105416644364595
95,model.output_blocks.5.2.out_layers.3,0.38335308372974397,0.10615055868565623,0.10434219386276392,0.1384881162583394,0.07055376413743943,0.1440773131325841
96,model.output_blocks.6.0.in_layers.2,0.36476347167044876,0.028501399445954888,0.10365531680247525,0.10591047274447743,0.03023951709968969,0.031156684970483184
97,model.output_blocks.6.0.emb_layers.1,0.13566144950687886,0.33461811725941315,0.13117849497409845,0.2659791531886685,0.040913226194679735,0.10831359028816223
98,model.output_blocks.6.0.cond_emb_layers.1,0.07437130622565746,0.0,0.031219707983170687,0.03520658572998425,0.00922107009915635,0.02294854959473014
99,model.output_blocks.6.0.out_layers.3,0.3357820976339281,0.09720080675970291,0.11097597684607324,0.1386973916464407,0.04620463674422354,0.3043893203139305
100,model.output_blocks.7.0.in_layers.2,0.35762106828391554,0.02583853651575943,0.08670215409688592,0.0891561878392941,0.02958340196404606,0.032422652933746576
101,model.output_blocks.7.0.emb_layers.1,0.13566144950687886,0.33461811725941315,0.13074593807522036,0.2657621670619547,0.04058245019987226,0.11251570284366608
102,model.output_blocks.7.0.cond_emb_layers.1,0.07437130622565746,0.0,0.0305805085410507,0.03338909687965867,0.00900850178906694,0.014433601638302207
103,model.output_blocks.7.0.out_layers.3,0.3284969370439649,0.05438091009231627,0.09225669438957794,0.10662211073982782,0.03980224356753752,0.050258890725672245
104,model.output_blocks.8.0.in_layers.2,0.3495562207326293,0.02075699143515791,0.10567859349326728,0.10698323918739629,0.03260290954494849,0.033830299973487854
105,model.output_blocks.8.0.emb_layers.1,0.13566144950687886,0.33461811725941315,0.1301377537211295,0.26119530874625335,0.04138106716796756,0.10928941518068314
106,model.output_blocks.8.0.cond_emb_layers.1,0.07437130622565746,0.0,0.03056927085292034,0.03417505113700376,0.010376081328140573,0.05969573184847832
107,model.output_blocks.8.0.out_layers.3,0.28938856365159155,0.08566808518448754,0.10593625327610151,0.1389426758353507,0.03992775756632909,0.048580200877040625
108,model.output_blocks.8.1.in_layers.2,0.34325187627226117,0.013703064393829177,0.09532394431362116,0.0974680478445225,0.029245924137067048,0.030205957824364305
109,model.output_blocks.8.1.emb_layers.1,0.13566144950687886,0.33461811725941315,0.1303581297421397,0.26859920104171736,0.040127533450722695,0.10663656145334244
110,model.output_blocks.8.1.cond_emb_layers.1,0.07437130622565746,0.0,0.030294135470862873,0.03515401839316877,0.02699963572551496,0.5539717748761177
111,model.output_blocks.8.1.out_layers.3,0.42020760335028173,0.09021408232437868,0.07852582706220042,0.10088016103440345,0.09490664450451732,0.12618300132453442
112,model.output_blocks.9.0.in_layers.2,0.3236188946291804,0.014627806180973006,0.12249004395483318,0.12525465811413938,0.034411843488924204,0.03531677834689617
113,model.output_blocks.9.0.emb_layers.1,0.13566144950687886,0.33461811725941315,0.12995928005143628,0.2602067136079676,0.042584036160260436,0.12473873049020767
114,model.output_blocks.9.0.cond_emb_layers.1,0.07437130622565746,0.0,0.03134051671578431,0.034712282377592885,0.00907927903579548,0.010050232987850904
115,model.output_blocks.9.0.out_layers.3,0.3347749399393797,0.12299251067281058,0.08794152390557064,0.12045934813345965,0.042744488699827346,0.04927912633866072
116,model.output_blocks.10.0.in_layers.2,0.29495323073118923,0.008701412846456993,0.12464255995480522,0.12674475672019775,0.03709073885343969,0.03777923295274377
117,model.output_blocks.10.0.emb_layers.1,0.13566144950687886,0.33461811725941315,0.13066565076662648,0.2608106911280595,0.041631495971232654,0.11374229937791824
118,model.output_blocks.10.0.cond_emb_layers.1,0.07437130622565746,0.0,0.03151873271923371,0.03334553477569262,0.01004550772253424,0.04995745327323675
119,model.output_blocks.10.0.out_layers.3,0.24936311159282923,0.15330996454634924,0.1133033674039501,0.15285910422631094,0.03600436114706099,0.060632233042269945
120,model.output_blocks.11.0.in_layers.2,0.29768515516072513,0.04565022358355578,0.1191249758305366,0.12398609671887499,0.034379541254602373,0.05235089594498277
121,model.output_blocks.11.0.emb_layers.1,0.13566144950687886,0.33461811725941315,0.13046796225826435,0.2688850411734305,0.041916737817227843,0.11116999387741089
122,model.output_blocks.11.0.cond_emb_layers.1,0.07437130622565746,0.0,0.03224784608251123,0.03552172786078378,0.010551061950391159,0.08369812183082104
123,model.output_blocks.11.0.out_layers.3,0.19516194357536734,0.19375221938419665,0.10953623491947358,0.15868517587420428,0.04043766754213721,0.1186584597453475
124,model.output_blocks.11.1.in_layers.2,0.29120285999029877,0.03992021191938296,0.09890410691968352,0.10301127627956047,0.027064632384572178,0.028285500360652804
125,model.output_blocks.11.1.emb_layers.1,0.13566144950687886,0.33461811725941315,0.1301399120599761,0.2738138733465797,0.040371108893305065,0.10104396194219589
126,model.output_blocks.11.1.cond_emb_layers.1,0.07437130622565746,0.0,0.0319255797207932,0.035993158426585986,0.012509643111843615,0.3269786611199379
127,model.output_blocks.11.1.out_layers.3,0.35216318439692257,0.06356988902075311,0.08435370271340398,0.10617328217167145,0.3689277950534597,0.5905451849102974
128,model.output_blocks.12.0.in_layers.2,0.3368749786540866,0.053164692813300565,0.1320191332489051,0.13978325259877664,0.03670183663256466,0.0402520801872015
129,model.output_blocks.12.0.emb_layers.1,0.13566144950687886,0.33461811725941315,0.1299586685028585,0.2572877480665492,0.040953151155263184,0.10341787338256836
130,model.output_blocks.12.0.cond_emb_layers.1,0.07437130622565746,0.0,0.03192343430452703,0.03447754050546055,0.010839223091024905,0.16492800787091255
131,model.output_blocks.12.0.out_layers.3,0.2150937598384917,0.11734903006883138,0.15842152489737166,0.18995289392064363,0.20545964409131556,0.3689033277332783
132,model.output_blocks.13.0.in_layers.2,0.3288364496268332,0.08265997714779076,0.14629937809448695,0.18611710762724476,0.04218415698502213,0.05445870943367481
133,model.output_blocks.13.0.emb_layers.1,0.13566144950687886,0.33461811725941315,0.13008668880666147,0.25622888480761535,0.041416233386844394,0.11786887794733047
134,model.output_blocks.13.0.cond_emb_layers.1,0.07437130622565746,0.0,0.030780006254112913,0.03620485081519869,0.010086948748212308,0.03660347079858184
135,model.output_blocks.13.0.out_layers.3,0.15023450013250111,0.26058122679131557,0.30710661626303426,0.4531965199263855,0.08636634292546659,0.12607179023325443
136,model.output_blocks.14.0.in_layers.2,0.3905752458050847,0.01950434582149285,0.13821441019242572,0.14587183457014685,0.038042943039909,0.04000496491789818
137,model.output_blocks.14.0.emb_layers.1,0.13566144950687886,0.33461811725941315,0.1282306343078258,0.26457051954867655,0.04258981691673398,0.1338251531124115
138,model.output_blocks.14.0.cond_emb_layers.1,0.07437130622565746,0.0,0.030121321274007896,0.03665464547292504,0.010385486565064639,0.027154194423928857
139,model.output_blocks.14.0.out_layers.3,0.8183815917838365,0.34683612456549034,0.10951241664214045,0.7298468587851504,0.040779591205064206,0.20907182432711124
