layer_idx,layer_name,block_name,layer_type,fid_sensitivity,w_std,w_kurtosis,w_delta_over_std,pch_delta_over_std_mean,act_std_mean,act_std_cv,act_delta_over_std_mean,act_err_rel_l2_mean,w_err_std_ratio,w_err_kurtosis,w_err_pch_kurtosis_mean,w_err_entropy_ratio
0,model.input_blocks.1.0.in_layers.2,model.input_blocks.1,in_layers,0.5644179582595825,0.08413340151309967,5.164214147385479,0.11388728836180312,0.04267246276140213,0.5289566830173135,0.02556599108685827,0.10496496974776942,0.028128136661835015,0.999163752039512,0.8214189618929009,-1.1951268901117484,0.9997954379067915
1,model.input_blocks.1.0.emb_layers.1,model.input_blocks.1,emb_layers,0.5644179582595825,0.04089309647679329,7.313287971579941,0.09625010696369142,0.033417947590351105,0.13566144950687886,0.33461811725941315,0.1297019655604027,0.040056855753064155,0.999716386515513,1.3602182216678758,-1.1948092966067785,0.9997571044327014
2,model.input_blocks.1.0.cond_emb_layers.1,model.input_blocks.1,cond_emb_layers,0.5644179582595825,0.07798265665769577,5.017096738494391,0.08014594017869643,0.034661561250686646,0.07437130622565746,0.0,0.030509608708380587,0.01167728410102427,0.9997823557720354,0.9295500759647295,-1.1987877170246584,0.9996276248318189
3,model.input_blocks.1.0.out_layers.3,model.input_blocks.1,out_layers,0.5644179582595825,0.08852477371692657,10.57544254903911,0.1477900114551962,0.0482676699757576,0.16420792503748088,0.23435010239125698,0.2297701030114598,0.054485445050522684,1.0067095406599849,2.1822372684740854,-1.2015623170453729,0.9997609817491512
4,model.input_blocks.2.0.in_layers.2,model.input_blocks.2,in_layers,0.051510196179151535,0.08667978644371033,5.911897455337559,0.09158042250864669,0.05157581344246864,0.39523837734013795,0.06919776182439026,0.16500664143093402,0.04448221615049988,1.0018154270845496,-0.4452363190675914,-1.1948451802155875,0.9998064875765811
5,model.input_blocks.2.0.emb_layers.1,model.input_blocks.2,emb_layers,0.051510196179151535,0.04440489411354065,3.738681206395081,0.08423902535755012,0.03260527551174164,0.13566144950687886,0.33461811725941315,0.1305896305653913,0.04175614129751921,0.999414724281462,0.1593168447611668,-1.1930885220606,0.9998227410193701
6,model.input_blocks.2.0.cond_emb_layers.1,model.input_blocks.2,cond_emb_layers,0.051510196179151535,0.07532918453216553,2.70058329007541,0.05584893765253557,0.038357749581336975,0.07437130622565746,0.0,0.030941528404866647,0.022765505980933087,0.99747012816901,-0.6472920605034393,-1.1853347377784624,0.9995718759815402
7,model.input_blocks.2.0.out_layers.3,model.input_blocks.2,out_layers,0.051510196179151535,0.07928690314292908,4.19166519734996,0.07417156399840108,0.04198138415813446,0.07422375047113747,0.27312677234113747,0.3609302567112031,0.10037240023724735,1.0035957711044707,-0.5780365595374963,-1.2018382376848642,0.9998060477753219
8,model.input_blocks.3.0.in_layers.2,model.input_blocks.3,in_layers,0.0,0.08621221035718918,7.16859907561121,0.12295130422517564,0.050279922783374786,0.2392280980013311,0.026562199911705078,0.16154640976145276,0.04635461822152138,1.00158665107132,0.23835661658039298,-1.1981344886436025,0.999824869065098
9,model.input_blocks.3.0.emb_layers.1,model.input_blocks.3,emb_layers,0.0,0.04562945291399956,3.823483418536769,0.10131019572936309,0.03039250709116459,0.13566144950687886,0.33461811725941315,0.1308777505258542,0.04022956831380725,0.998888312326833,1.452486607978483,-1.1905249346225997,0.9997993869158106
10,model.input_blocks.3.0.cond_emb_layers.1,model.input_blocks.3,cond_emb_layers,0.0,0.08098232001066208,2.1243937516370073,0.057423432820889526,0.029793502762913704,0.07437130622565746,0.0,0.029948635600505077,0.025930982978316024,0.9960620613619526,-0.2503733506744559,-1.1825162830303069,0.9996053304068139
11,model.input_blocks.3.0.out_layers.3,model.input_blocks.3,out_layers,0.0,0.07752631604671478,5.302692315084421,0.10104219584056402,0.04784516245126724,0.08773348028305918,0.22223811651486314,0.25198091135254413,0.07361070128157735,1.0004715744833717,-0.06580864138566023,-1.1963209814947557,0.9998251457087419
12,model.input_blocks.4.0.in_layers.2,model.input_blocks.4,in_layers,0.0,0.0880337506532669,5.366226747789099,0.1016713083538648,0.05096644535660744,0.30502734690904615,0.05078983781208275,0.15453105872359557,0.0431769151147455,1.0010141948468803,-0.09971608782035979,-1.1985995449268998,0.9998188300457939
13,model.input_blocks.4.0.emb_layers.1,model.input_blocks.4,emb_layers,0.0,0.04686746001243591,2.162864577214454,0.067983030897306,0.029768696054816246,0.13566144950687886,0.33461811725941315,0.1309334339194915,0.04139908632263541,1.000930984798747,-0.0821124315901316,-1.1941538799274327,0.9997777258956535
14,model.input_blocks.4.0.cond_emb_layers.1,model.input_blocks.4,cond_emb_layers,0.0,0.08132144063711166,1.5041524730534093,0.05652553446367043,0.028591085225343704,0.07437130622565746,0.0,0.03205556369394578,0.009388616846408696,0.9971225249034215,-0.441625924702032,-1.187382222181939,0.9995604707201836
15,model.input_blocks.4.0.out_layers.3,model.input_blocks.4,out_layers,0.0,0.07069858908653259,3.8187894889464724,0.07742805441960442,0.04257075488567352,0.12670464352704586,0.2670702942146896,0.17852571933809586,0.05258844252675772,0.9990514287983595,-0.49068237136187776,-1.1933305601075435,0.9998075197146346
16,model.input_blocks.5.0.in_layers.2,model.input_blocks.5,in_layers,0.0,0.0853235125541687,6.934112154300701,0.0991510052468928,0.05613439157605171,0.2896503109484911,0.03828003619587121,0.1373049043014408,0.03812942342832684,1.0024997935970494,-0.3199317970411908,-1.2047896515327872,0.9998436234192484
17,model.input_blocks.5.0.emb_layers.1,model.input_blocks.5,emb_layers,0.0,0.04812898859381676,1.4441202592052287,0.05890483805277695,0.028629276901483536,0.13566144950687886,0.33461811725941315,0.13072041932539077,0.04007543947547674,0.9996596054652981,-0.18301326196433987,-1.1934808399300145,0.9997816845634473
18,model.input_blocks.5.0.cond_emb_layers.1,model.input_blocks.5,cond_emb_layers,0.0,0.08413716405630112,1.4897201753278368,0.06706397848961036,0.028431570157408714,0.07437130622565746,0.0,0.031841920003266244,0.009387531693791971,0.9991784118742948,-0.04440963433803713,-1.192516867854848,0.9995579741145695
19,model.input_blocks.5.0.out_layers.3,model.input_blocks.5,out_layers,0.0,0.06830509006977081,2.9817192172320865,0.0768854437668539,0.04107622429728508,0.14398484744131565,0.3827133430889832,0.1377656334846041,0.045665517491288485,1.0000601699649962,-0.5496149979456382,-1.197268377131635,0.999813556201884
20,model.input_blocks.6.0.in_layers.2,model.input_blocks.6,in_layers,0.0,0.08410317450761795,4.23511579504358,0.11546393008889115,0.04299159720540047,0.33127606492489575,0.03740046663115717,0.1086598294577129,0.030364188521634788,1.0001685701517702,0.44692305654515563,-1.197250090887494,0.9998618139432118
21,model.input_blocks.6.0.emb_layers.1,model.input_blocks.6,emb_layers,0.0,0.048004355281591415,2.2131481865649896,0.06337739946290268,0.028611280024051666,0.13566144950687886,0.33461811725941315,0.13067799454773757,0.04094335103407502,0.9974655856849928,0.08432377972358962,-1.1866837463043745,0.999758291251733
22,model.input_blocks.6.0.cond_emb_layers.1,model.input_blocks.6,cond_emb_layers,0.0,0.0932910367846489,1.214865971169397,0.05525667777413069,0.02926337532699108,0.07437130622565746,0.0,0.03042998869287352,0.011025564908050001,1.000682490275352,-0.5220277049301489,-1.1978225300231882,0.9996290064763491
23,model.input_blocks.6.0.out_layers.3,model.input_blocks.6,out_layers,0.0,0.07778573036193848,3.8291485794647073,0.08490527997492081,0.042891282588243484,0.12640164923854172,0.16510357455302438,0.21097505369218322,0.06192215600516647,0.9998008354229236,-0.1656523612130898,-1.1968937701941464,0.9998405576308321
24,model.input_blocks.7.0.in_layers.2,model.input_blocks.7,in_layers,0.0,0.0866638571023941,4.501127810241329,0.1220629172201205,0.04519648849964142,0.3699852091819048,0.015096068625958328,0.13125242586308836,0.038183109196834264,1.000720998151225,0.0208481393368527,-1.1985649318645755,0.9998913149641047
25,model.input_blocks.7.0.emb_layers.1,model.input_blocks.7,emb_layers,0.0,0.04600667208433151,2.6592309866151327,0.07675875367768742,0.02810610644519329,0.13566144950687886,0.33461811725941315,0.13114423242530626,0.041370726488530636,0.998466893695965,-0.05796359838259857,-1.1904491611260775,0.9998693451889896
26,model.input_blocks.7.0.cond_emb_layers.1,model.input_blocks.7,cond_emb_layers,0.0,0.08967148512601852,1.0085129903464942,0.06001851944684706,0.028453752398490906,0.07437130622565746,0.0,0.02949402184953032,0.01593568257987499,1.000080094951708,-0.4550066598845688,-1.1943823908898223,0.9998006038256688
27,model.input_blocks.7.0.out_layers.3,model.input_blocks.7,out_layers,0.0,0.06634233891963959,3.39503756654811,0.13436974742050836,0.04729129374027252,0.12687303202226757,0.2776073000207873,0.2345820784917598,0.0683363702101633,0.9998909624353557,0.7661638740187149,-1.1984216128323895,0.9999556157799334
28,model.input_blocks.8.0.in_layers.2,model.input_blocks.8,in_layers,0.0,0.08494959771633148,6.100483960323377,0.13414917643239016,0.055356837809085846,0.37031458199024203,0.05230739288986127,0.10920262654275968,0.11568813506979496,0.9994615944574576,-0.08395301167532976,-1.197987842011739,0.9999554815320542
29,model.input_blocks.8.0.emb_layers.1,model.input_blocks.8,emb_layers,0.0,0.04904688149690628,2.6483818966623227,0.08476236910219635,0.02611384354531765,0.13566144950687886,0.33461811725941315,0.13042561319044924,0.04041152141988277,0.998623402918012,0.6636883001350466,-1.1915237512855699,0.99985303098314
30,model.input_blocks.8.0.cond_emb_layers.1,model.input_blocks.8,cond_emb_layers,0.0,0.09440507739782333,1.2348594654923595,0.057548041015113884,0.028608884662389755,0.07437130622565746,0.0,0.02909624356550313,0.03575548636727035,0.9999933748022888,-0.6229760337703718,-1.1931402979574877,0.9997558983169756
31,model.input_blocks.8.0.out_layers.3,model.input_blocks.8,out_layers,0.0,0.06670985370874405,3.371371172747611,0.10794055926992974,0.044096045196056366,0.16042323020286858,0.3311421551043457,0.24621643416110264,0.06653305780142546,1.0001733191123336,-0.2941304858820959,-1.1983329325783527,0.9999603058274236
32,model.input_blocks.9.0.in_layers.2,model.input_blocks.9,in_layers,0.0,0.08024141937494278,2.640423409609423,0.11981427831461453,0.04424598067998886,0.43003690559417007,0.049755865918463225,0.12063413211739211,0.0803492399211973,1.0009191123973384,0.41050516917218216,-1.2000036434161125,0.9999557125351393
33,model.input_blocks.9.0.emb_layers.1,model.input_blocks.9,emb_layers,0.0,0.04564980790019035,3.9482659843222967,0.0842276044079279,0.02764616720378399,0.13566144950687886,0.33461811725941315,0.13011877254893117,0.04111044835299253,1.0015178943814234,0.9545033512616645,-1.196866524931356,0.9998531368598226
34,model.input_blocks.9.0.cond_emb_layers.1,model.input_blocks.9,cond_emb_layers,0.0,0.10069394111633301,0.6147916957169022,0.04216705221568149,0.028007812798023224,0.07437130622565746,0.0,0.030149955926628596,0.008794440717902035,1.0019996041637922,-0.9284732288686954,-1.19886657125926,0.9997279617110607
35,model.input_blocks.9.0.out_layers.3,model.input_blocks.9,out_layers,0.0,0.08448679745197296,3.371165932183688,0.07422976139367396,0.0427987203001976,0.12909032893367112,0.17637175274476632,0.39758995037772155,0.11073969645425677,0.9989419962288544,-0.8265894586368074,-1.1974128199342102,0.9999609433516774
36,model.input_blocks.10.0.in_layers.2,model.input_blocks.10,in_layers,0.0,0.08279401063919067,1.6265814363597908,0.09571835920885823,0.0428084135055542,0.47959745686501265,0.018534330047224774,0.11272207376852349,0.08969137185718865,1.000209452507925,-0.1452386907670764,-1.2002105253808626,0.9999696664780766
37,model.input_blocks.10.0.emb_layers.1,model.input_blocks.10,emb_layers,0.0,0.0487595871090889,1.6578799583832096,0.0702806956830239,0.024670010432600975,0.13566144950687886,0.33461811725941315,0.13050837158905076,0.04083460232242942,0.9999607515079835,-0.0008740602664585317,-1.194312341585581,0.999888455918548
38,model.input_blocks.10.0.cond_emb_layers.1,model.input_blocks.10,cond_emb_layers,0.0,0.10883786529302597,0.7046343338842274,0.045662428619603464,0.02814670465886593,0.07437130622565746,0.0,0.029901564058852158,0.008735470140818507,0.9995894034395778,-0.9131416319886636,-1.1903117136998098,0.9997891080087394
39,model.input_blocks.10.0.out_layers.3,model.input_blocks.10,out_layers,0.0,0.07457097619771957,3.013706573055618,0.07624016941570219,0.04615761339664459,0.16259557953104375,0.10187232922985993,0.10929591556941648,0.05070127948187292,0.9997081274536636,-0.9076124163446524,-1.1989026698072445,0.9999822469590868
40,model.input_blocks.11.0.in_layers.2,model.input_blocks.11,in_layers,0.0,0.08109775185585022,0.9088340573740568,0.09189547969687276,0.03983307257294655,0.44935902178287507,0.009507882153839414,0.08136032080208792,0.05249557817354798,0.9992689518398193,-0.14623257605208417,-1.198069941372686,0.9999777111581373
41,model.input_blocks.11.0.emb_layers.1,model.input_blocks.11,emb_layers,0.0,0.047003600746393204,1.2208791018019491,0.06312822813954566,0.02408369816839695,0.13566144950687886,0.33461811725941315,0.13122507503094352,0.04097307328134775,0.9989534556771704,-0.13031211814400878,-1.1920477359462756,0.999909108181625
42,model.input_blocks.11.0.cond_emb_layers.1,model.input_blocks.11,cond_emb_layers,0.0,0.10509873926639557,0.6317794285664822,0.04941054436728014,0.028221370652318,0.07437130622565746,0.0,0.029591415146660097,0.010201647055801004,0.9991861547447786,-0.9104691548182982,-1.1907869796043344,0.9998243048713271
43,model.input_blocks.11.0.out_layers.3,model.input_blocks.11,out_layers,0.0,0.07781412452459335,2.290768350469344,0.08075385863542331,0.04450702294707298,0.18172987729310988,0.08279965406845013,0.1099039717488787,0.08788687095046044,1.000194586196596,-0.7561029867259221,-1.198625612547224,0.9999797137582555
44,model.input_blocks.12.0.in_layers.2,model.input_blocks.12,in_layers,0.0,0.08293160796165466,0.22777789851222519,0.052690067320015826,0.03312603011727333,0.3721298500522971,0.038714025084801214,0.07307740395066377,0.022469622765202077,0.9998236510812827,-0.9660458642819334,-1.1986369912512547,0.9999815760623794
45,model.input_blocks.12.0.emb_layers.1,model.input_blocks.12,emb_layers,0.0,0.049898408353328705,0.37335123805446147,0.03694305402423362,0.022549932822585106,0.13566144950687886,0.33461811725941315,0.13116537024379757,0.04258398124948144,1.00004871051668,-0.9031895500289147,-1.1969437470067252,0.9999031558092666
46,model.input_blocks.12.0.cond_emb_layers.1,model.input_blocks.12,cond_emb_layers,0.0,0.10865268856287003,0.45971640411473214,0.04357938320652842,0.02777174301445484,0.07437130622565746,0.0,0.03079126828540075,0.008946807738393545,0.9996181036795047,-1.0043941965954004,-1.194410226385774,0.9998202331006039
47,model.input_blocks.12.0.out_layers.3,model.input_blocks.12,out_layers,0.0,0.07048530876636505,1.2483473489432964,0.07835232193329368,0.04160095751285553,0.1825616044551134,0.05896717521426927,0.08929790729958743,0.05744371255859733,0.9998787803191277,-0.8900084438267108,-1.199322990224364,0.9999818816197433
48,model.input_blocks.13.0.in_layers.2,model.input_blocks.13,in_layers,0.0,0.0837361142039299,0.20403521531387536,0.07950698570121861,0.032933082431554794,0.48322462037205693,0.007828428193907482,0.0621236680594475,0.03236810592701658,1.0005292846780447,-0.9040308295134416,-1.2003304280729479,0.9999825852599081
49,model.input_blocks.13.0.emb_layers.1,model.input_blocks.13,emb_layers,0.0,0.050434064120054245,0.7752307448379296,0.05261172321406852,0.02290436066687107,0.13566144950687886,0.33461811725941315,0.1312450765659919,0.04323818646371365,0.9989050369270781,-0.5852182309260989,-1.1920657995378208,0.9999111381527339
50,model.input_blocks.13.0.cond_emb_layers.1,model.input_blocks.13,cond_emb_layers,0.0,0.11054765433073044,0.35862123132501234,0.04485171209189849,0.027565671131014824,0.07437130622565746,0.0,0.03004162395359375,0.008842556913150475,1.0009057946601063,-1.045252171071359,-1.192374849863987,0.9998419980630077
51,model.input_blocks.13.0.out_layers.3,model.input_blocks.13,out_layers,0.0,0.07593531161546707,1.189938684470949,0.08302529038306128,0.04338334873318672,0.19150286216288806,0.05784873388314808,0.09458719873731271,0.11197535424958914,1.0003391197789613,-0.7983801147058567,-1.198840183013954,0.9999885266285369
52,model.input_blocks.14.0.in_layers.2,model.input_blocks.14,in_layers,0.0,0.07879745960235596,0.18497077747527513,0.07761665565895198,0.03339815512299538,0.4949352145940065,0.003871844437227845,0.06643103527239677,0.134618079951033,1.0000287855299683,-0.6501346728543878,-1.198816256183034,0.9999888826253831
53,model.input_blocks.14.0.emb_layers.1,model.input_blocks.14,emb_layers,0.0,0.04623287916183472,1.8988301450398986,0.05999674566662015,0.024152617901563644,0.13566144950687886,0.33461811725941315,0.1308320389451314,0.04344042239710689,0.9981201163365614,-0.13543933418133136,-1.1885597594981157,0.999902565145167
54,model.input_blocks.14.0.cond_emb_layers.1,model.input_blocks.14,cond_emb_layers,0.0,0.10628635436296463,0.3511186535049191,0.04338212607277034,0.02767270989716053,0.07437130622565746,0.0,0.029805381072590075,0.008691124037140981,1.0002439340911464,-0.9842987875744935,-1.1945185425332934,0.9998314725369739
55,model.input_blocks.14.0.out_layers.3,model.input_blocks.14,out_layers,0.0,0.0791345164179802,1.4660863670502131,0.09111302545255955,0.047072380781173706,0.20839033169671894,0.0486311542549919,0.10370291563727715,0.0554065773030743,0.9996646641406809,-0.6681331557710211,-1.1989620074061917,0.9999893762353538
56,model.middle_block.0.in_layers.2,model.middle_block,in_layers,0.0,0.08044547587633133,0.11764581544631447,0.08735471237080329,0.03257802501320839,0.47196720145642757,0.004206629022312364,0.06693005785848273,0.12028078286908567,0.9994545742548856,-0.7255043773046101,-1.1978550803783459,0.9999912907535207
57,model.middle_block.0.emb_layers.1,model.middle_block,emb_layers,0.0,0.04686255753040314,1.0179843390183736,0.05290953265948543,0.023975763469934464,0.13566144950687886,0.33461811725941315,0.13094894811913788,0.04400543363764882,0.99903522038948,-0.6593150606975655,-1.190025181157492,0.9999146671200468
58,model.middle_block.0.cond_emb_layers.1,model.middle_block,cond_emb_layers,0.0,0.10028939694166183,0.48114627909704444,0.050227570155243796,0.02755882404744625,0.07437130622565746,0.0,0.03021177643995058,0.008837805007351563,1.0004904670873522,-0.9128179955975471,-1.194038028515298,0.9998271437782552
59,model.middle_block.0.out_layers.3,model.middle_block,out_layers,0.0,0.07634193450212479,0.9544932264538688,0.0968456166999641,0.04429440200328827,0.281695757471025,0.05501378813374258,0.07162773641883496,0.13360834920778872,1.0002482700986173,-0.5696579868729326,-1.199395239827844,0.9999886242492433
60,model.middle_block.2.in_layers.2,model.middle_block,in_layers,0.0,0.08158138394355774,0.08919162718019269,0.0655335326320446,0.032082147896289825,0.45025863505899905,0.003562250790673896,0.06383542658715308,0.0843459574924782,1.000137701908108,-0.9503998355891659,-1.1990970717450873,0.9999893202154181
61,model.middle_block.2.emb_layers.1,model.middle_block,emb_layers,0.0,0.04682149738073349,0.8651208962687065,0.053667027970214755,0.02403489127755165,0.13566144950687886,0.33461811725941315,0.1310332053373676,0.04427506390959025,0.9987686591682892,-0.7421333932976171,-1.1917276184141627,0.9999147779963882
62,model.middle_block.2.cond_emb_layers.1,model.middle_block,cond_emb_layers,0.0,0.09584859013557434,0.5236275216144399,0.04833340174178555,0.027240317314863205,0.07437130622565746,0.0,0.03081340001768472,0.008983542915666476,0.9994496188177759,-0.8967915075751294,-1.1934508477842367,0.9998486447120398
63,model.middle_block.2.out_layers.3,model.middle_block,out_layers,0.0,0.07665053755044937,0.3097400466905822,0.08070896813812499,0.035899147391319275,0.32136897418648,0.06965626297067032,0.0658628260999763,0.12657557290047408,1.000275008811355,-0.6629758010946558,-1.1994755351012936,0.9999911408958561
64,model.output_blocks.0.0.in_layers.2,model.output_blocks.0,in_layers,0.0,0.07823792845010757,0.09636699442365027,0.07319488548600189,0.03396492078900337,0.44885274186730384,0.0034380411660167704,0.06976799801417789,0.051678881677798924,1.0000029759616889,-0.8416592181411873,-1.1999760443324448,0.9999949784387658
65,model.output_blocks.0.0.emb_layers.1,model.output_blocks.0,emb_layers,0.0,0.050349075347185135,1.8801811159730208,0.0543773001568278,0.02416311763226986,0.13566144950687886,0.33461811725941315,0.13077441384190314,0.04473052751272917,0.999623678546253,-0.3632946229355132,-1.1927045170606105,0.9999170997765441
66,model.output_blocks.0.0.cond_emb_layers.1,model.output_blocks.0,cond_emb_layers,0.0,0.10203073173761368,0.5210242504538329,0.04459187146989116,0.02713540568947792,0.07437130622565746,0.0,0.030712522257086042,0.008913500898052007,0.9981752455744064,-0.9523493775583773,-1.1884333546458166,0.9998237440934592
67,model.output_blocks.0.0.out_layers.3,model.output_blocks.0,out_layers,0.0,0.08473964780569077,0.33822000815139486,0.07189999458398269,0.037741534411907196,0.349071061052382,0.07794315321583083,0.09349134240979476,0.06881012891884893,1.000256735637013,-0.8198890804094829,-1.1997670011581714,0.9999874417298196
68,model.output_blocks.1.0.in_layers.2,model.output_blocks.1,in_layers,0.0,0.0792100802063942,0.14229154746156425,0.07457562008191754,0.035208508372306824,0.44861824113875626,0.006347970802360614,0.07207626250342603,0.10776495173573494,1.0000951677395833,-0.6523638650325827,-1.2000194205094612,0.9999948341869774
69,model.output_blocks.1.0.emb_layers.1,model.output_blocks.1,emb_layers,0.0,0.05511278659105301,2.700376292966215,0.04953640186354808,0.023608805611729622,0.13566144950687886,0.33461811725941315,0.130855140391113,0.0446847222186625,0.9990078622471037,0.04100355510065201,-1.1916785698604895,0.9999062970683793
70,model.output_blocks.1.0.cond_emb_layers.1,model.output_blocks.1,cond_emb_layers,0.0,0.11307919025421143,0.40477344063647536,0.041276483857399245,0.02750461921095848,0.07437130622565746,0.0,0.030217368392951655,0.008786275765160098,0.998835041377904,-1.0305502725445574,-1.1907916645355279,0.9998486405667689
71,model.output_blocks.1.0.out_layers.3,model.output_blocks.1,out_layers,0.0,0.09190496057271957,0.9105737363438471,0.0891849140722774,0.04224230349063873,0.30621861178427934,0.07967978093190953,0.10550990960165003,0.04717572695342824,0.9997279492021023,-0.6888906361807692,-1.1987145417117098,0.9999884431522379
72,model.output_blocks.2.0.in_layers.2,model.output_blocks.2,in_layers,0.0,0.08118895441293716,0.30437044102256605,0.0898738858563388,0.0383945070207119,0.470749862678349,0.011498192943722872,0.06952123638305537,0.3482266162708402,0.9998066167662182,-0.030894503200557644,-1.1992523478093948,0.9999937284239753
73,model.output_blocks.2.0.emb_layers.1,model.output_blocks.2,emb_layers,0.0,0.05336512625217438,1.1077425384477797,0.05405987569914904,0.022672895342111588,0.13566144950687886,0.33461811725941315,0.13109949349296568,0.04276534341275692,0.9983504409238878,-0.4892333688076387,-1.1891475016052786,0.9999169414699938
74,model.output_blocks.2.0.cond_emb_layers.1,model.output_blocks.2,cond_emb_layers,0.0,0.1110321432352066,0.4523061690697565,0.043608555711027196,0.027860471978783607,0.07437130622565746,0.0,0.030294803961102724,0.008844545158790424,0.9997640825976936,-1.0294308785077866,-1.193276704182356,0.9998316574308113
75,model.output_blocks.2.0.out_layers.3,model.output_blocks.2,out_layers,0.0,0.09074357897043228,0.8160756894739025,0.08463085548407821,0.0415312722325325,0.2652306744083762,0.0738870985959987,0.07282004388799548,0.11853344113565982,1.0001578333713659,-0.738159246832272,-1.1996851720144974,0.999989329289245
76,model.output_blocks.2.1.in_layers.2,model.output_blocks.2,in_layers,0.0,0.08117347210645676,0.5324033545658309,0.0802746747111551,0.03761469945311546,0.5312595155090094,0.01545011521117516,0.05975445670743212,0.30896995045244696,1.0000035953913275,-0.6704710581129372,-1.1981433865788316,0.9999896731097597
77,model.output_blocks.2.1.emb_layers.1,model.output_blocks.2,emb_layers,0.0,0.05038529634475708,2.0044374089059342,0.05768404315329581,0.023687580600380898,0.13566144950687886,0.33461811725941315,0.13116526512089172,0.042000713385641576,0.9984375740263994,-0.09981336275409092,-1.190717622467036,0.9999077211657951
78,model.output_blocks.2.1.cond_emb_layers.1,model.output_blocks.2,cond_emb_layers,0.0,0.11381033807992935,0.43337058154522223,0.047638181749950624,0.027776706963777542,0.07437130622565746,0.0,0.029837704620717633,0.008715251706307754,1.0003943522550793,-1.01965147231893,-1.1946905045401692,0.9998511795265435
79,model.output_blocks.2.1.out_layers.3,model.output_blocks.2,out_layers,0.0,0.09808339178562164,1.8562466748248232,0.08012671558880932,0.0437551811337471,0.2965844134427607,0.06020602046376093,0.09380108134775204,0.06887164419982582,1.0005564363438748,-0.8709983031492108,-1.1991501922187897,0.9999875949128243
80,model.output_blocks.3.0.in_layers.2,model.output_blocks.3,in_layers,0.0,0.07883688807487488,0.7036734862820264,0.0982241931651265,0.042438119649887085,0.4933370117470622,0.017237814194147397,0.08403769814795364,0.2528105609305203,1.0004431839582641,-0.4657626164635804,-1.200633521892022,0.9999934520243443
81,model.output_blocks.3.0.emb_layers.1,model.output_blocks.3,emb_layers,0.0,0.05021120235323906,2.370277427776836,0.06532213698330831,0.024036072194576263,0.13566144950687886,0.33461811725941315,0.13164242290138164,0.04140686420723796,0.999357943231247,0.866433114686104,-1.1920142676870193,0.9999123279438105
82,model.output_blocks.3.0.cond_emb_layers.1,model.output_blocks.3,cond_emb_layers,0.0,0.10868891328573227,0.5986137228506978,0.043057837870474736,0.02812798134982586,0.07437130622565746,0.0,0.02988234025319538,0.008739334939746187,1.0002510575319916,-0.9859974232085271,-1.1910918199932892,0.9998147107759443
83,model.output_blocks.3.0.out_layers.3,model.output_blocks.3,out_layers,0.0,0.10860253125429153,1.6292627275710831,0.07408798492328793,0.040768932551145554,0.27665835520252585,0.06823022859851396,0.13331149522748917,0.08775188204366714,1.000108279000269,-0.8256201905902292,-1.1997444515675078,0.9999801481733422
84,model.output_blocks.4.0.in_layers.2,model.output_blocks.4,in_layers,0.0,0.08079742640256882,1.0453487133427606,0.13271705081911822,0.04573260247707367,0.43801011361181735,0.010445501320566507,0.07827763221259854,0.10387109020724893,0.9999687008550135,0.11139118486426902,-1.1993648781221171,0.9999906147311818
85,model.output_blocks.4.0.emb_layers.1,model.output_blocks.4,emb_layers,0.0,0.05096026137471199,2.3073201168413817,0.10233957595283197,0.02435600757598877,0.13566144950687886,0.33461811725941315,0.13179950001030205,0.040651018619537356,0.9995671039725843,1.9163686315444277,-1.195849204368998,0.9999020140950703
86,model.output_blocks.4.0.cond_emb_layers.1,model.output_blocks.4,cond_emb_layers,0.0,0.10727807134389877,0.6662595447115791,0.042176522973051044,0.02802092581987381,0.07437130622565746,0.0,0.030072317630302825,0.008761210348457098,0.999002906809994,-0.9469565128711706,-1.1892633860455606,0.9998232948974501
87,model.output_blocks.4.0.out_layers.3,model.output_blocks.4,out_layers,0.0,0.10486787557601929,2.445518482785684,0.08786768499540704,0.04133618250489235,0.2804520404711366,0.05279229403743769,0.10878123033019631,0.04581396720837802,1.0005865819196254,-0.5512537662137147,-1.1993860914931098,0.9999807774101025
88,model.output_blocks.5.0.in_layers.2,model.output_blocks.5,in_layers,0.0,0.08224181830883026,1.3214526740033161,0.10927834246889007,0.04530388116836548,0.3948941013216972,0.007435483090836174,0.08797661002116204,0.03167745467973873,0.9996433970564186,0.6409668997963216,-1.1990219895983936,0.9999885601693306
89,model.output_blocks.5.0.emb_layers.1,model.output_blocks.5,emb_layers,0.0,0.05069751292467117,1.1515873883391627,0.07668725860813924,0.024122243747115135,0.13566144950687886,0.33461811725941315,0.13103282039938033,0.04062240594998002,0.9986377530379754,0.526722401339395,-1.1912720516248898,0.9999059592972914
90,model.output_blocks.5.0.cond_emb_layers.1,model.output_blocks.5,cond_emb_layers,0.0,0.10238063335418701,0.6745245129112285,0.04247891454903349,0.028046155348420143,0.07437130622565746,0.0,0.02988621337102878,0.018225162868620828,0.9988055152317923,-0.9793717872096508,-1.1899185632976952,0.9998183397234139
91,model.output_blocks.5.0.out_layers.3,model.output_blocks.5,out_layers,0.0,0.08989445865154266,1.1166851768378008,0.09050918893503332,0.03837473317980766,0.29434696678072214,0.07653400429976871,0.09791503883718104,0.051600635130889715,0.9993663055313696,-0.6055165238645768,-1.197087680910939,0.9999790727483848
92,model.output_blocks.5.2.in_layers.2,model.output_blocks.5,in_layers,0.0,0.08684948086738586,0.5790165044566091,0.07767079406061035,0.03642480447888374,0.3768236053735018,0.011012721563485055,0.06164937491127429,0.03695770651334897,1.0004781817328512,-0.46833554394860943,-1.1998419990453197,0.9999817675543702
93,model.output_blocks.5.2.emb_layers.1,model.output_blocks.5,emb_layers,0.0,0.05263660475611687,0.5957548078995294,0.05660263772337912,0.023271216079592705,0.13566144950687886,0.33461811725941315,0.1309199089655268,0.040419790036976336,0.9993316174716019,-0.38017950110882737,-1.1923747506936009,0.9999041889060956
94,model.output_blocks.5.2.cond_emb_layers.1,model.output_blocks.5,cond_emb_layers,0.0,0.10839419811964035,0.708997049913044,0.04510495634103535,0.028441665694117546,0.07437130622565746,0.0,0.03101157518577537,0.00903228156035766,0.9985386442957821,-0.9891362715202843,-1.1932284804607143,0.9998028727142043
95,model.output_blocks.5.2.out_layers.3,model.output_blocks.5,out_layers,0.0,0.10006649792194366,1.1720660806918328,0.1365477873502823,0.03712920472025871,0.38335308372974397,0.10615055868565623,0.10434219386276392,0.07055376413743943,1.0006735085455907,0.4548744570930361,-1.200299377727279,0.999980076404176
96,model.output_blocks.6.0.in_layers.2,model.output_blocks.6,in_layers,0.0,0.08487808704376221,1.1328777301348003,0.13448527805874438,0.04463393986225128,0.36476347167044876,0.028501399445954888,0.10365531680247525,0.03023951709968969,1.0000743136084134,0.01417844562193693,-1.1999452019431787,0.9999819644902442
97,model.output_blocks.6.0.emb_layers.1,model.output_blocks.6,emb_layers,0.0,0.052675772458314896,2.4912705933680135,0.0810372500358359,0.02513054572045803,0.13566144950687886,0.33461811725941315,0.13117849497409845,0.040913226194679735,0.9994867845960984,1.1511088790024582,-1.1952237730915738,0.9998722890457721
98,model.output_blocks.6.0.cond_emb_layers.1,model.output_blocks.6,cond_emb_layers,0.0,0.09677283465862274,0.9206395982876878,0.05094833487899059,0.028464877977967262,0.07437130622565746,0.0,0.031219707983170687,0.00922107009915635,0.9962589367487888,-0.7795285405317784,-1.1835377715503193,0.9997489420938352
99,model.output_blocks.6.0.out_layers.3,model.output_blocks.6,out_layers,0.0,0.10915664583444595,3.9670776018283656,0.17053236364848262,0.04744892194867134,0.3357820976339281,0.09720080675970291,0.11097597684607324,0.04620463674422354,1.0001238679795101,1.282241618734517,-1.1997760208127206,0.9999549308621817
100,model.output_blocks.7.0.in_layers.2,model.output_blocks.7,in_layers,0.0,0.08399290591478348,2.417889999464358,0.10862319278250418,0.05103886500000954,0.35762106828391554,0.02583853651575943,0.08670215409688592,0.02958340196404606,1.0004897444194405,-0.09378044862063284,-1.1996839741034182,0.9999780667452622
101,model.output_blocks.7.0.emb_layers.1,model.output_blocks.7,emb_layers,0.0,0.049707964062690735,2.3458959939154385,0.06990846019430859,0.02582794614136219,0.13566144950687886,0.33461811725941315,0.13074593807522036,0.04058245019987226,0.998578803984025,0.5698557769775783,-1.1907319122830229,0.9998760835096968
102,model.output_blocks.7.0.cond_emb_layers.1,model.output_blocks.7,cond_emb_layers,0.0,0.09313962608575821,1.008248571385085,0.04864333999983422,0.02836993709206581,0.07437130622565746,0.0,0.0305805085410507,0.00900850178906694,1.0013634499248387,-0.7585924886466766,-1.1954860877267546,0.9997786866425095
103,model.output_blocks.7.0.out_layers.3,model.output_blocks.7,out_layers,0.0,0.09572228044271469,2.4603897015809535,0.11728617828416094,0.04424899443984032,0.3284969370439649,0.05438091009231627,0.09225669438957794,0.03980224356753752,0.999586099814838,-0.061920818927050814,-1.1963067731321215,0.999958224837808
104,model.output_blocks.8.0.in_layers.2,model.output_blocks.8,in_layers,0.02412874437868595,0.08598988503217697,3.625246371140065,0.12370372133799153,0.050882868468761444,0.3495562207326293,0.02075699143515791,0.10567859349326728,0.03260290954494849,1.0002764541471785,0.983425717693386,-1.2001246475692833,0.9999737384550371
105,model.output_blocks.8.0.emb_layers.1,model.output_blocks.8,emb_layers,0.02412874437868595,0.04702243208885193,1.874534240447045,0.06963435193084366,0.026298947632312775,0.13566144950687886,0.33461811725941315,0.1301377537211295,0.04138106716796756,0.9987994241736783,0.45413973887429204,-1.1902300444169243,0.9998624364681948
106,model.output_blocks.8.0.cond_emb_layers.1,model.output_blocks.8,cond_emb_layers,0.02412874437868595,0.08806565403938293,1.2742237053276204,0.05221838448624721,0.02808324061334133,0.07437130622565746,0.0,0.03056927085292034,0.010376081328140573,0.9997633599297817,-0.6026320508550138,-1.1924301285173131,0.9997649536916391
107,model.output_blocks.8.0.out_layers.3,model.output_blocks.8,out_layers,0.02412874437868595,0.08376193791627884,2.818344219161923,0.16588136756603258,0.0434858612716198,0.28938856365159155,0.08566808518448754,0.10593625327610151,0.03992775756632909,1.001301610199241,1.8108424966212207,-1.199820126986785,0.9999559306362377
108,model.output_blocks.8.1.in_layers.2,model.output_blocks.8,in_layers,0.02412874437868595,0.08822305500507355,1.3530275166200463,0.09808266836198906,0.03732910752296448,0.34325187627226117,0.013703064393829177,0.09532394431362116,0.029245924137067048,1.0003382938727763,0.2957533883205694,-1.199641792572324,0.9999514946149386
109,model.output_blocks.8.1.emb_layers.1,model.output_blocks.8,emb_layers,0.02412874437868595,0.05200503021478653,2.0103695450324253,0.0694484651971679,0.026228372007608414,0.13566144950687886,0.33461811725941315,0.1303581297421397,0.040127533450722695,0.9995148654063866,0.2989563701103486,-1.1936246443579788,0.999881193622292
110,model.output_blocks.8.1.cond_emb_layers.1,model.output_blocks.8,cond_emb_layers,0.02412874437868595,0.10411655902862549,1.3662225136674957,0.062004956395768716,0.028655625879764557,0.07437130622565746,0.0,0.030294135470862873,0.02699963572551496,0.9994094591295329,-0.5046584079857905,-1.187453413231502,0.9997563396593738
111,model.output_blocks.8.1.out_layers.3,model.output_blocks.8,out_layers,0.02412874437868595,0.10684353113174438,1.0530334914757455,0.08685307274284199,0.039255935698747635,0.42020760335028173,0.09021408232437868,0.07852582706220042,0.09490664450451732,1.0006944659150336,-0.6391334571925849,-1.1988419226327018,0.9999574007408675
112,model.output_blocks.9.0.in_layers.2,model.output_blocks.9,in_layers,0.07450569421052933,0.08835038542747498,2.695178414114509,0.09348983963449062,0.05330275744199753,0.3236188946291804,0.014627806180973006,0.12249004395483318,0.034411843488924204,1.001475566689445,-0.28662809836697933,-1.1997850269387953,0.9999440921699351
113,model.output_blocks.9.0.emb_layers.1,model.output_blocks.9,emb_layers,0.07450569421052933,0.04498624429106712,1.0253744379999175,0.06573867463576595,0.02702210657298565,0.13566144950687886,0.33461811725941315,0.12995928005143628,0.042584036160260436,0.9976007245845043,0.25605708326864685,-1.189328329340465,0.9997764963454927
114,model.output_blocks.9.0.cond_emb_layers.1,model.output_blocks.9,cond_emb_layers,0.07450569421052933,0.08695773780345917,1.137112932425123,0.049398290622609586,0.027848968282341957,0.07437130622565746,0.0,0.03134051671578431,0.00907927903579548,0.9971514316198945,-0.697942926186188,-1.1836364856657284,0.999606397998225
115,model.output_blocks.9.0.out_layers.3,model.output_blocks.9,out_layers,0.07450569421052933,0.11651575565338135,3.3225610067940865,0.0916777460733327,0.04414500296115875,0.3347749399393797,0.12299251067281058,0.08794152390557064,0.042744488699827346,1.0014343746184708,-0.3591145242389633,-1.2001503761568726,0.9998504944714756
116,model.output_blocks.10.0.in_layers.2,model.output_blocks.10,in_layers,0.05292428284883499,0.08611121773719788,3.7857957080919196,0.08695914153249472,0.05245497077703476,0.29495323073118923,0.008701412846456993,0.12464255995480522,0.03709073885343969,1.0003716398349933,-0.5763724145472948,-1.1969196912766176,0.9999101269289394
117,model.output_blocks.10.0.emb_layers.1,model.output_blocks.10,emb_layers,0.05292428284883499,0.04727746918797493,1.3940131006370757,0.05872013481456036,0.028235387057065964,0.13566144950687886,0.33461811725941315,0.13066565076662648,0.041631495971232654,0.9990025970951747,-0.1051010440740816,-1.194575190356256,0.9998060231340453
118,model.output_blocks.10.0.cond_emb_layers.1,model.output_blocks.10,cond_emb_layers,0.05292428284883499,0.08541300892829895,2.0339029642330475,0.0736761113260494,0.02799679897725582,0.07437130622565746,0.0,0.03151873271923371,0.01004550772253424,1.0004740522019266,0.16692512270996218,-1.1927234481940077,0.9995845472198132
119,model.output_blocks.10.0.out_layers.3,model.output_blocks.10,out_layers,0.05292428284883499,0.08659698069095612,3.2551400583748977,0.07669549383001131,0.04523685574531555,0.24936311159282923,0.15330996454634924,0.1133033674039501,0.03600436114706099,1.0008776106115451,-0.7268633242815463,-1.1976906400629561,0.9998443341016282
120,model.output_blocks.11.0.in_layers.2,model.output_blocks.11,in_layers,0.06990193575620651,0.08468282967805862,5.915358948159888,0.1015231393844244,0.05773816257715225,0.29768515516072513,0.04565022358355578,0.1191249758305366,0.034379541254602373,1.0018222408105755,-0.3313076163045796,-1.2002067355775017,0.9999092864922133
121,model.output_blocks.11.0.emb_layers.1,model.output_blocks.11,emb_layers,0.06990193575620651,0.052817679941654205,2.371894088416794,0.06928176500879402,0.030790552496910095,0.13566144950687886,0.33461811725941315,0.13046796225826435,0.041916737817227843,0.9981590371655269,0.15943527409678637,-1.1854241557367613,0.9997328009519502
122,model.output_blocks.11.0.cond_emb_layers.1,model.output_blocks.11,cond_emb_layers,0.06990193575620651,0.07944764941930771,1.3492208270448547,0.05029076222721557,0.027803804725408554,0.07437130622565746,0.0,0.03224784608251123,0.010551061950391159,0.9974894337260831,-0.5452255927761147,-1.194092732534944,0.9996105953871743
123,model.output_blocks.11.0.out_layers.3,model.output_blocks.11,out_layers,0.06990193575620651,0.07413038611412048,6.605208391153271,0.10462526452162478,0.04915629327297211,0.19516194357536734,0.19375221938419665,0.10953623491947358,0.04043766754213721,1.0011693619713768,-0.18078100516433215,-1.2007360824028792,0.999849626719595
124,model.output_blocks.11.1.in_layers.2,model.output_blocks.11,in_layers,0.06990193575620651,0.08279605954885483,2.3496482042347813,0.08877340473024033,0.03712601587176323,0.29120285999029877,0.03992021191938296,0.09890410691968352,0.027064632384572178,1.0019674970608525,0.9630743586529773,-1.1970720588703059,0.9998341424885077
125,model.output_blocks.11.1.emb_layers.1,model.output_blocks.11,emb_layers,0.06990193575620651,0.04967799410223961,2.2918460136545242,0.08184685368432473,0.029057303443551064,0.13566144950687886,0.33461811725941315,0.1301399120599761,0.040371108893305065,0.9995921908729519,0.7684869146942193,-1.1919287692382454,0.9998130167927664
126,model.output_blocks.11.1.cond_emb_layers.1,model.output_blocks.11,cond_emb_layers,0.06990193575620651,0.09589560329914093,2.7094840972240046,0.06771695265904756,0.02881910838186741,0.07437130622565746,0.0,0.0319255797207932,0.012509643111843615,0.9980603413764261,0.19510416972103828,-1.1890363775474682,0.9995778508425092
127,model.output_blocks.11.1.out_layers.3,model.output_blocks.11,out_layers,0.06990193575620651,0.09427645057439804,4.9798799941346745,0.10331814102572301,0.04422178119421005,0.35216318439692257,0.06356988902075311,0.08435370271340398,0.3689277950534597,1.000299579520357,1.1508643640326301,-1.1950349521512214,0.9998564927501439
128,model.output_blocks.12.0.in_layers.2,model.output_blocks.12,in_layers,0.20680691301822662,0.08102550357580185,9.832512573189653,0.14096269328564498,0.06538697332143784,0.3368749786540866,0.053164692813300565,0.1320191332489051,0.03670183663256466,0.9996989392473561,0.6316027845169061,-1.198620695900865,0.9999126536164783
129,model.output_blocks.12.0.emb_layers.1,model.output_blocks.12,emb_layers,0.20680691301822662,0.05355118587613106,2.037447628067225,0.08481809431667689,0.028932299464941025,0.13566144950687886,0.33461811725941315,0.1299586685028585,0.040953151155263184,0.999302813993402,0.6296017909145912,-1.1907664835244096,0.9997551874988138
130,model.output_blocks.12.0.cond_emb_layers.1,model.output_blocks.12,cond_emb_layers,0.20680691301822662,0.09507443010807037,1.7617196966348185,0.05427821803628917,0.028766488656401634,0.07437130622565746,0.0,0.03192343430452703,0.010839223091024905,0.9975673786222873,-0.49962309225820256,-1.1918310719342209,0.9995328964544263
131,model.output_blocks.12.0.out_layers.3,model.output_blocks.12,out_layers,0.20680691301822662,0.07545315474271774,80.27438056692972,0.2602464490338145,0.058550287038087845,0.2150937598384917,0.11734903006883138,0.15842152489737166,0.20545964409131556,1.0048870754246315,12.428265565212177,-1.2051736021096828,0.9998132103078602
132,model.output_blocks.13.0.in_layers.2,model.output_blocks.13,in_layers,1.0,0.07973019033670425,13.527239908881619,0.14060248355032245,0.06991367042064667,0.3288364496268332,0.08265997714779076,0.14629937809448695,0.04218415698502213,1.0013651017372087,0.10429758884531504,-1.2013013733551667,0.9999179663976417
133,model.output_blocks.13.0.emb_layers.1,model.output_blocks.13,emb_layers,1.0,0.04889625310897827,2.8771879051267373,0.08882224710874248,0.02968330681324005,0.13566144950687886,0.33461811725941315,0.13008668880666147,0.041416233386844394,0.999061442910852,0.7351305382993609,-1.1877443645225414,0.9998003930336435
134,model.output_blocks.13.0.cond_emb_layers.1,model.output_blocks.13,cond_emb_layers,1.0,0.08221762627363205,2.5132374661267782,0.06121772755685618,0.03242126479744911,0.07437130622565746,0.0,0.030780006254112913,0.010086948748212308,1.00010466566071,-0.2725439963348313,-1.194559931592748,0.9995998759615126
135,model.output_blocks.13.0.out_layers.3,model.output_blocks.13,out_layers,1.0,0.09518349170684814,25.247021486358683,0.2012306137015471,0.054393161088228226,0.15023450013250111,0.26058122679131557,0.30710661626303426,0.08636634292546659,1.0086424708475745,2.3535272568419883,-1.209102358104005,0.999759885692646
136,model.output_blocks.14.0.in_layers.2,model.output_blocks.14,in_layers,0.46725454926490784,0.07243930548429489,6.717121686463058,0.12442554227350822,0.055547259747982025,0.3905752458050847,0.01950434582149285,0.13821441019242572,0.038042943039909,1.000372156026359,-0.24353498507628402,-1.1978727424412936,0.9999097333421817
137,model.output_blocks.14.0.emb_layers.1,model.output_blocks.14,emb_layers,0.46725454926490784,0.04696916043758392,13.018408284242469,0.14022494653088416,0.03630536049604416,0.13566144950687886,0.33461811725941315,0.1282306343078258,0.04258981691673398,1.000114989488022,3.6925308185565893,-1.1916023344967555,0.9997560529140043
138,model.output_blocks.14.0.cond_emb_layers.1,model.output_blocks.14,cond_emb_layers,0.46725454926490784,0.07115652412176132,9.328452429684953,0.10510137819233151,0.03473817557096481,0.07437130622565746,0.0,0.030121321274007896,0.010385486565064639,0.9987972561699429,2.252725712566117,-1.1929573468651662,0.9995330472564617
139,model.output_blocks.14.0.out_layers.3,model.output_blocks.14,out_layers,0.46725454926490784,0.10181763768196106,4.811718885442178,0.07836595865965026,0.04400576651096344,0.8183815917838365,0.34683612456549034,0.10951241664214045,0.040779591205064206,1.0074341700990006,-0.3415948505260995,-1.2033452391998154,0.9997533810471488
