layer_idx,layer_name,numel,err_mean,err_std,err_abs_max,err_rmse,delta_int8,theoretical_std,std_ratio,err_kurtosis,err_skewness,ks_stat,ks_pvalue,pct_within_half_delta,pct_within_delta,entropy_ratio,pch_std_ratio_mean,pch_std_ratio_median,pch_kurtosis_mean,pch_ks_stat_mean
0,model.input_blocks.1.0.in_layers.2,147456,1.597023242538853e-07,0.001115730730816722,0.005722224712371826,0.001115730730816722,0.009581724959095633,0.0027660057422174097,0.999163752039512,0.8214189618929009,-0.002915761684727724,0.007761200141906732,0.5806799787327845,0.9987521701388888,1.0,0.9997954379067915,0.9986546429807673,0.9991907488479324,-1.1951268901117484,0.027145558727905153
1,model.input_blocks.1.0.emb_layers.1,131072,2.086852191496291e-06,0.00042751646833494306,0.0020747692324221134,0.000427521561505273,0.003935964910064157,0.0011362152001732312,0.999716386515513,1.3602182216678758,0.02109521283630942,0.0065062186241150455,0.7884745315116554,0.9998245239257812,1.0,0.9997571044327014,0.9987634174062814,0.9988706069629932,-1.1948092966067785,0.03710585937369615
2,model.input_blocks.1.0.cond_emb_layers.1,65536,-2.2392621303879423e-06,0.0007747340714558959,0.003620913252234459,0.0007747373310849071,0.006249993335543655,0.0018042176673547482,0.9997823557720354,0.9295500759647295,0.028916445629996627,0.012093484973907498,0.10644320339062119,0.997894287109375,1.0,0.9996276248318189,0.9986902851880124,1.0005922084055103,-1.1987877170246584,0.03676545713096857
3,model.input_blocks.1.0.out_layers.3,147456,1.5551707122085645e-07,0.0012575811706483364,0.00768554862588644,0.0012575811706483364,0.013083077321841023,0.0037767591067968016,1.0067095406599849,2.1822372684740854,0.018775902763524897,0.01214674816131589,0.10372715319715653,0.9987453884548612,1.0,0.9997609817491512,1.0062162415749096,1.0053306902842198,-1.2015623170453729,0.027820792473852638
4,model.input_blocks.2.0.in_layers.2,147456,7.697696673858445e-06,0.0013369140215218067,0.0047311969101428986,0.0013369361404329538,0.007938171465565838,0.0022915527162589216,1.0018154270845496,-0.4452363190675914,-0.011664824949784465,0.016710489273071283,0.007424087294073407,0.9982435438368056,1.0,0.9998064875765811,1.001258217056022,1.0013473963733688,-1.1948451802155875,0.027668362332507968
5,model.input_blocks.2.0.emb_layers.1,131072,6.165348622744204e-07,0.0004413776332512498,0.001900412142276764,0.0004413780407048762,0.003740625001314118,0.0010798254257230753,0.999414724281462,0.1593168447611668,-0.0055274417925310305,0.004895378589630073,0.9693011070069849,0.9999313354492188,1.0,0.9998227410193701,0.9981623678096585,0.9978055493183706,-1.1930885220606,0.03822253574617207
6,model.input_blocks.2.0.cond_emb_layers.1,65536,-1.959700284714927e-06,0.0008062634733505547,0.0022314414381980896,0.0008062658598646522,0.004207054930409108,0.0012144721482836205,0.99747012816901,-0.6472920605034393,0.0018571388213039868,0.00846680192947391,0.4678420961779143,0.9993896484375,1.0,0.9995718759815402,0.9963645462759925,0.9983960206214695,-1.1853347377784624,0.037444112822413445
7,model.input_blocks.2.0.out_layers.3,147456,1.5152602372836554e-07,0.000982179306447506,0.0029691606760025024,0.0009821794228628278,0.005880833610774964,0.0016976504341201621,1.0035957711044707,-0.5780365595374963,-0.006343789613676168,0.007453219223022445,0.6322509758446415,0.9999186197916666,1.0,0.9998060477753219,1.0031522772272337,1.0031607766406878,-1.2018382376848642,0.02632768646813929
8,model.input_blocks.3.0.in_layers.2,147456,3.0948694984545e-06,0.0013452930143103004,0.00554482638835907,0.001345296623185277,0.010599903703674557,0.0030599286283503084,1.00158665107132,0.23835661658039298,-0.0007063053480862258,0.005461798000335694,0.9249749053329311,0.9996609157986112,1.0,0.999824869065098,1.0009845517511624,1.0000004982431339,-1.1981344886436025,0.0285299305152148
9,model.input_blocks.3.0.emb_layers.1,131072,2.0123857211729046e-06,0.00042581328307278454,0.002620931714773178,0.000425818026997149,0.004622728805842362,0.0013344668602218626,0.998888312326833,1.452486607978483,0.007975712711601236,0.0073872416019439835,0.6433729822166756,0.9994354248046875,1.0,0.9997993869158106,0.9978120944635765,0.9993870564242664,-1.1905249346225997,0.03746289503760636
10,model.input_blocks.3.0.cond_emb_layers.1,65536,1.4433379647016409e-06,0.0006885682232677937,0.002521693706512451,0.0006885697366669774,0.004650282812869455,0.001342421016909035,0.9960620613619526,-0.2503733506744559,-0.01446637604309848,0.012465332889556868,0.08865710406584426,0.99932861328125,1.0,0.9996053304068139,0.9947038513818702,0.9957471846289425,-1.1825162830303069,0.0403519372921437
11,model.input_blocks.3.0.out_layers.3,147456,2.0173504253762076e-06,0.0011166143231093884,0.004232440143823624,0.0011166161857545376,0.00783342920889066,0.0022613162312154498,1.0004715744833717,-0.06580864138566023,-0.012981479402151079,0.007130057382583627,0.6867051734996157,0.9994167751736112,1.0,0.9998251457087419,0.9999821428007931,1.0004108703787784,-1.1963209814947557,0.027802005361765622
12,model.input_blocks.4.0.in_layers.2,147456,1.438647700524598e-06,0.0013618564698845148,0.006181000731885433,0.0013618572847917676,0.008950506608317218,0.0025837886998477354,1.0010141948468803,-0.09971608782035979,0.012102019765545972,0.012191115331649793,0.10150886350755606,0.9976535373263888,1.0,0.9998188300457939,1.0005228766461705,1.000638820485823,-1.1985995449268998,0.02618553460389375
13,model.input_blocks.4.0.emb_layers.1,131072,-2.053909383903374e-06,0.0004142223915550858,0.0016392804682254791,0.0004142274847254157,0.003186191982171667,0.0009197743992983197,1.000930984798747,-0.0821124315901316,0.00467327803706375,0.013849149942398054,0.042759959694671945,0.9998855590820312,1.0,0.9997777258956535,0.9997709241496601,0.9993408056779094,-1.1941538799274327,0.03814856242388487
14,model.input_blocks.4.0.cond_emb_layers.1,65536,1.4267495771491667e-06,0.0006790945772081614,0.002347998321056366,0.0006790960323996842,0.0045967378954249105,0.001326963930658863,0.9971225249034215,-0.441625924702032,0.014120796376052765,0.009824516630172753,0.28741694146929964,0.99981689453125,1.0,0.9995604707201836,0.9960418427914016,0.9955006000136,-1.187382222181939,0.0368913218844682
15,model.input_blocks.4.0.out_layers.3,147456,-1.6698787703717244e-06,0.0008897245861589909,0.002755429595708847,0.0008897262159734964,0.005474054203258725,0.0015802233339050136,0.9990514287983595,-0.49068237136187776,0.010318876598773077,0.00942232203483584,0.33503810942861423,0.9999254014756944,1.0,0.9998075197146346,0.9985845853273196,0.9995268926652048,-1.1933305601075435,0.027488005897030238
16,model.input_blocks.5.0.in_layers.2,147456,2.9349585020099767e-06,0.0014483435079455376,0.005312593653798103,0.0014483464183285832,0.008459912041040856,0.0024421662471077474,1.0024997935970494,-0.3199317970411908,0.00479503769139907,0.015478636741638185,0.016422792183753355,0.9953884548611112,1.0,0.9998436234192484,1.0020170740153214,1.002562562467105,-1.2047896515327872,0.027120499260723588
17,model.input_blocks.5.0.emb_layers.1,131072,-5.223860739533848e-07,0.0003970539546571672,0.0014492496848106384,0.0003970543039031327,0.00283503027882163,0.000818402747319204,0.9996596054652981,-0.18301326196433987,-0.004585157166514384,0.007861806011199901,0.5640465623777826,0.999908447265625,1.0,0.9997816845634473,0.9985375413400127,0.9973407189936565,-1.1934808399300145,0.03798118105623871
18,model.input_blocks.5.0.cond_emb_layers.1,65536,3.6241929137759143e-06,0.000705855549313128,0.0033829808235168457,0.0007058648625388741,0.00564257296051566,0.00162887050883791,0.9991784118742948,-0.04440963433803713,-0.00345999978810498,0.00687222633361817,0.7296573589875857,0.9986419677734375,1.0,0.9995579741145695,0.9980037764813454,0.9982279487128332,-1.192516867854848,0.038005557376891375
19,model.input_blocks.5.0.out_layers.3,147456,7.704102245043032e-07,0.0008079035324044526,0.002630600705742836,0.000807903881650418,0.00525166716162614,0.001516025724729585,1.0000601699649962,-0.5496149979456382,-0.0026347071284051364,0.0057415632247924675,0.8945999228503863,0.9999796549479166,1.0,0.999813556201884,0.9994292857172657,0.9994747573372802,-1.197268377131635,0.028758242959156632
20,model.input_blocks.6.0.in_layers.2,147456,-6.512032086902764e-07,0.001125926268287003,0.005374804139137268,0.0011259265011176467,0.009710883061716876,0.002803290474875608,1.0001685701517702,0.44692305654515563,-0.0031654228039500144,0.010909204864501948,0.1835761390185615,0.99932861328125,1.0,0.9998618139432118,0.9996703543439375,0.999461904172277,-1.197250090887494,0.027761277629062525
21,model.input_blocks.6.0.emb_layers.1,131072,-5.569580139308528e-07,0.0004080798535142094,0.001734960824251175,0.00040808023186400533,0.0030423912007038986,0.0008782626893532724,0.9974655856849928,0.08432377972358962,1.7641846938446897e-06,0.008264278078079224,0.4991900771168114,0.9991531372070312,1.0,0.999758291251733,0.9962814987474846,0.9960322771201581,-1.1866837463043745,0.03859196591656655
22,model.input_blocks.6.0.cond_emb_layers.1,65536,-1.4976510556152789e-06,0.0007960029179230332,0.0030942102894186974,0.0007960043149068952,0.005154952758879174,0.0014881066814993475,1.000682490275352,-0.5220277049301489,-0.0021305800294336595,0.007105268621444727,0.6908660292529002,0.9988250732421875,1.0,0.9996290064763491,0.9995282291169123,0.9998782641277622,-1.1978225300231882,0.03664123103953898
23,model.input_blocks.6.0.out_layers.3,147456,-9.070715805137297e-07,0.0010048614349216223,0.003601647913455963,0.0010048619005829096,0.0066044192145189905,0.0019065316056718381,0.9998008354229236,-0.1656523612130898,0.006621640994284453,0.004036756372451766,0.9966113783551618,0.9988471137152778,1.0,0.9998405576308321,0.9993786005644588,1.0005286136292695,-1.1968937701941464,0.026214926630258564
24,model.input_blocks.7.0.in_layers.2,294912,6.593057264581148e-07,0.0011887784348800778,0.006144896149635315,0.0011887785512953997,0.010578443215587947,0.0030537335190634358,1.000720998151225,0.0208481393368527,-0.006085211816557824,0.006722827291488653,0.7540626970524893,0.9994405110677084,1.0,0.9998913149641047,1.0001886741923618,0.9991434657188443,-1.1985649318645755,0.027954284441657363
25,model.input_blocks.7.0.emb_layers.1,262144,9.39527780019489e-08,0.00037916412111371756,0.0017810538411140442,0.00037916412111371756,0.0035314148101280992,0.0010194316456238446,0.998466893695965,-0.05796359838259857,0.0033265582870147655,0.007319589138030991,0.6547844202491431,0.999969482421875,1.0,0.9998693451889896,0.9972748342231428,0.9972521921744577,-1.1904491611260775,0.038016016653273255
26,model.input_blocks.7.0.cond_emb_layers.1,131072,1.6512794900336303e-06,0.0007524374523200095,0.003136351704597473,0.0007524392567574978,0.005381949773923618,0.0015536350753699235,1.000080094951708,-0.4550066598845688,-0.00015449417131226502,0.013987522506713868,0.03958579487313629,0.998992919921875,1.0,0.9998006038256688,0.9989305944487924,0.999235502639329,-1.1943823908898223,0.03776788618415594
27,model.input_blocks.7.0.out_layers.3,589824,-9.624801577956532e-07,0.0009615573799237609,0.005377765744924545,0.0009615578455850482,0.008914403324052104,0.0025733665794031887,0.9998909624353557,0.7661638740187149,-0.0027380598560551106,0.008696751022338856,0.43349712052998546,0.9991421169704862,1.0,0.9999556157799334,0.9996026937541438,0.9997472547591753,-1.1984216128323895,0.027661613173782826
28,model.input_blocks.8.0.in_layers.2,589824,1.913735331982025e-06,0.001453211298212409,0.006169050931930542,0.0014532128116115928,0.011395918572042871,0.003289718327616004,0.9994615944574576,-0.08395301167532976,0.0017056665172879965,0.006660964488983179,0.7640225440298973,0.9997100830078125,1.0,0.9999554815320542,0.9991848912857564,0.9993812750809719,-1.197987842011739,0.027145546497777104
29,model.input_blocks.8.0.emb_layers.1,262144,4.1958978158618265e-07,0.00036912562791258097,0.0021145492792129517,0.0003691258898470551,0.004157329872837217,0.00120011776059632,0.998623402918012,0.6636883001350466,-0.008274473238268592,0.007650184249877928,0.5991763957280973,0.9999618530273438,1.0,0.99985303098314,0.9974917815902475,0.9984095448352479,-1.1915237512855699,0.038556024548597634
30,model.input_blocks.8.0.cond_emb_layers.1,131072,-4.919878620057716e-07,0.0007846007938496768,0.0028332695364952087,0.0007846010266803205,0.005432827266182486,0.0015683221422955985,0.9999933748022888,-0.6229760337703718,0.00153141858844676,0.009977073431015004,0.27067313305322016,0.9998397827148438,1.0,0.9997558983169756,0.998733421445372,0.9992694680311849,-1.1931402979574877,0.03854931460227817
31,model.input_blocks.8.0.out_layers.3,589824,-3.361135725299391e-07,0.0008763658697716892,0.004370555281639099,0.0008763660443946719,0.00720069891824497,0.00207866272940109,1.0001733191123336,-0.2941304858820959,-0.00044685759974881576,0.005131673288345323,0.9536660924255238,0.9993303087022569,1.0,0.9999603058274236,0.999907468057545,0.9999109906603405,-1.1983329325783527,0.028061662602238358
32,model.input_blocks.9.0.in_layers.2,589824,-2.2425047063734382e-06,0.0010960795916616917,0.0059166112914681435,0.0010960818035528064,0.009614067753468911,0.0027753423027362884,1.0009191123973384,0.41050516917218216,-0.002673458801534615,0.007024263668060304,0.7044248524237315,0.9992438422309028,1.0,0.9999557125351393,1.0006460358732552,1.000860524677344,-1.2000036434161125,0.027076725118793547
33,model.input_blocks.9.0.emb_layers.1,262144,1.417919861523842e-06,0.00036417521187104285,0.0021473243832588196,0.0003641779185272753,0.0038449739611993625,0.001109948375762777,1.0015178943814234,0.9545033512616645,0.011248598773339839,0.006496010017394971,0.7900616427064526,0.9997596740722656,1.0,0.9998531368598226,1.0002441954130252,1.000944457393389,-1.196866524931356,0.03935800300678238
34,model.input_blocks.9.0.cond_emb_layers.1,131072,-1.95147595150047e-06,0.000819236331153661,0.0021524839103221893,0.0008192386594600976,0.004245966672897339,0.0012257050007837293,1.0019996041637922,-0.9284732288686954,0.0044737631135289375,0.01003141546249392,0.2648828072787096,0.9999465942382812,1.0,0.9997279617110607,1.0007434601378438,1.0020231424900632,-1.19886657125926,0.038246423937380314
35,model.input_blocks.9.0.out_layers.3,589824,-4.41442949750126e-07,0.001061542658135295,0.0033502504229545593,0.001061542658135295,0.0062714348158498445,0.0018104072895680494,0.9989419962288544,-0.8265894586368074,-0.0008686079427512914,0.006717727565765386,0.7548872948235076,0.9997677273220487,1.0,0.9999609433516774,0.9986889922899513,0.9986778611070817,-1.1974128199342102,0.027376665976829827
36,model.input_blocks.10.0.in_layers.2,884736,-3.8675878499816463e-07,0.0010708466870710254,0.00463443249464035,0.0010708466870710254,0.007924906850799801,0.0022877235518059874,1.000209452507925,-0.1452386907670764,0.0007137429491549984,0.007008304643631003,0.7070880534648608,0.9990822120949074,1.0,0.9999696664780766,0.9999312492894923,1.0001094146212735,-1.2002105253808626,0.0277504254207015
37,model.input_blocks.10.0.emb_layers.1,393216,-1.2562526308101951e-06,0.00034375631366856396,0.001799076795578003,0.0003437585837673396,0.003426857703314053,0.0009892486087414558,0.9999607515079835,-0.0008740602664585317,-0.006179329503658944,0.009302395868301394,0.3502140006986566,0.9999440511067709,1.0,0.999888455918548,0.9987705622206752,0.998104940310413,-1.194312341585581,0.038459329206186034
38,model.input_blocks.10.0.cond_emb_layers.1,196608,-2.0101722384424647e-06,0.0008880304521881044,0.0024863481521606445,0.00088803272228688,0.004969801255098478,0.0014346580462250233,0.9995894034395778,-0.9131416319886636,0.0006881343945275624,0.006312155818939236,0.8180028234497004,0.9999898274739584,1.0,0.9997891080087394,0.9984154135546852,0.9980346350464196,-1.1903117136998098,0.039102828207736216
39,model.input_blocks.10.0.out_layers.3,1327104,-1.1103326187367202e-06,0.0010101123480126262,0.0029760077595710754,0.0010101129300892353,0.005685303858884676,0.001641205856675943,0.9997081274536636,-0.9076124163446524,0.0013188347436967297,0.01092989006042483,0.1819262315701139,0.9998726550443673,1.0,0.9999822469590868,0.9995106025260257,0.9993684735351052,-1.1989026698072445,0.027079685278236867
40,model.input_blocks.11.0.in_layers.2,1327104,9.145849730884947e-07,0.0009753916529007256,0.004378792829811573,0.0009753921185620129,0.007452516809223205,0.002151356292972614,0.9992689518398193,-0.14623257605208417,-0.0023099328466942293,0.009120562028884893,0.3740692609185554,0.9989616488233025,1.0,0.9999777111581373,0.9990932661085407,0.9987390297839043,-1.198069941372686,0.027108181392773986
41,model.input_blocks.11.0.emb_layers.1,393216,1.1102723185274499e-08,0.00032328307861462235,0.0015311315655708313,0.0003232830495107919,0.0029672540313615573,0.0008565724568802988,0.9989534556771704,-0.13031211814400878,-0.006742974754108858,0.014896226406097418,0.02340382812681562,0.9999618530273438,1.0,0.999909108181625,0.9977975550734458,0.9982918532038934,-1.1920477359462756,0.03785398160107434
42,model.input_blocks.11.0.cond_emb_layers.1,196608,-1.6721099882488488e-07,0.0008577858097851276,0.002779196947813034,0.0008577859262004495,0.0051929859195168565,0.0014990859092654967,0.9991861547447786,-0.9104691548182982,0.0037942497819726784,0.008006324386596653,0.5404163835011326,0.9998575846354166,1.0,0.9998243048713271,0.9980058377517619,0.9983589064622835,-1.1907869796043344,0.03928228716055552
43,model.input_blocks.11.0.out_layers.3,1327104,6.53320796573098e-07,0.0010249607730656862,0.003653501160442829,0.0010249610058963299,0.006283790811778992,0.0018139741583559491,1.000194586196596,-0.7561029867259221,-0.0016989703520089783,0.009743959426879889,0.2965504894201746,0.9994642469618056,1.0,0.9999797137582555,1.0000319377923441,0.9997868466369161,-1.198625612547224,0.027125098497917253
44,model.input_blocks.12.0.in_layers.2,1327104,1.394795276610239e-06,0.0007997503853403032,0.002828039228916168,0.0007997514330781996,0.004369672006509435,0.0012614156546142973,0.9998236510812827,-0.9660458642819334,-0.002154248485238716,0.0070255006790160834,0.7042183015381144,0.9988177264178241,1.0,0.9999815760623794,0.9996281411819182,0.9992936257870946,-1.1986369912512547,0.027635692618166407
45,model.input_blocks.12.0.emb_layers.1,393216,8.646033506920503e-07,0.0003223348467145115,0.0009356364607810974,0.0003223360108677298,0.0018433995955572354,0.0005321436263595085,1.00004871051668,-0.9031895500289147,-0.002552928589245829,0.008884276533126845,0.40655812902421395,0.9999847412109375,1.0,0.9999031558092666,0.9989293244029532,0.9990846715223036,-1.1969437470067252,0.03795219387393445
46,model.input_blocks.12.0.cond_emb_layers.1,196608,-1.3470183830577298e-06,0.0008736714953556657,0.002402074635028839,0.000873672601301223,0.00473501715134448,0.0013668817134731151,0.9996181036795047,-1.0043941965954004,0.0025913941769765843,0.007379344463348425,0.6447048661206354,0.9999643961588541,1.0,0.9998202331006039,0.9984577673250814,0.9988982232010524,-1.194410226385774,0.03786386960806946
47,model.input_blocks.12.0.out_layers.3,1327104,4.735574066216941e-07,0.0008614098187536001,0.002805843949317932,0.0008614100515842438,0.005522687604108195,0.001594262587441038,0.9998787803191277,-0.8900084438267108,0.0007281810523023849,0.00961636638641361,0.3114316140510024,0.9999660915798612,1.0,0.9999818816197433,0.999701428257597,0.999511768258193,-1.199322990224364,0.02760535891974965
48,model.input_blocks.13.0.in_layers.2,1769472,8.911475219974818e-07,0.000802003254648298,0.0033514797687530518,0.0008020037785172462,0.0066576060347669705,0.0019218853181655938,1.0005292846780447,-0.9040308295134416,-0.0015719632386339553,0.008026605033874534,0.5371283621276224,0.9999858714916088,1.0,0.9999825852599081,1.0003651826036295,1.0003885192926483,-1.2003304280729479,0.026823717415332793
49,model.input_blocks.13.0.emb_layers.1,524288,1.1236053865104623e-07,0.00033435909426771104,0.0015125907957553864,0.0003343591233715415,0.00265342302209749,0.0007659772480409681,0.9989050369270781,-0.5852182309260989,0.0017686334440967857,0.01663618040084841,0.007801713562883989,0.9998207092285156,1.0,0.9999111381527339,0.9976904645542308,0.9974733285554767,-1.1920657995378208,0.03850616468116641
50,model.input_blocks.13.0.cond_emb_layers.1,262144,-7.218131941044703e-07,0.0008803474484011531,0.0025123506784439087,0.0008803476230241358,0.004958251564521489,0.0014313239377431823,1.0009057946601063,-1.045252171071359,-0.0014123878777619644,0.009331835842132541,0.34644727705720557,0.9999732971191406,1.0,0.9998419980630077,0.9997494233678226,0.9997468934252194,-1.192374849863987,0.03755277121672407
51,model.input_blocks.13.0.out_layers.3,2359296,1.111729286407126e-08,0.000969690561760217,0.003957189619541168,0.000969690503552556,0.006304551297285426,0.0018199671943037725,1.0003391197789613,-0.7983801147058567,-0.000714989537931095,0.012910074758529677,0.0707251492862433,0.9989738464355469,1.0,0.9999885266285369,1.0002224700072886,1.0002416628491377,-1.198840183013954,0.027714244845323265
52,model.input_blocks.14.0.in_layers.2,2359296,-6.151060460979352e-08,0.000773539359215647,0.0030870544724166393,0.0007735391845926642,0.006115995288833859,0.0017655357631853558,1.0000287855299683,-0.6501346728543878,-0.00017874572472669512,0.00438688011169433,0.9901811430226023,0.9999703301323785,1.0,0.9999888826253831,0.9998936639712603,0.9997500938116861,-1.198816256183034,0.026623758907895534
53,model.input_blocks.14.0.emb_layers.1,524288,-5.1427797131964326e-08,0.0003306843573227525,0.0015769973397254944,0.0003306843573227525,0.0027738222925681767,0.0008007335236492109,0.9981201163365614,-0.13543933418133136,0.0023992449823147964,0.009837790966033932,0.28593131052967613,0.9998130798339844,1.0,0.999902565145167,0.9969428621797993,0.9972279827994116,-1.1885597594981157,0.037707038602093235
54,model.input_blocks.14.0.cond_emb_layers.1,262144,-1.453534764550568e-06,0.000855203834362328,0.0023697614669799805,0.0008552051731385291,0.004610928024832658,0.0013310602681755623,1.0002439340911464,-0.9842987875744935,0.00039915165253647243,0.009172151947021479,0.3671983467368982,0.9999618530273438,1.0,0.9998314725369739,0.9990492678519278,0.9995709237886896,-1.1945185425332934,0.03860374941723421
55,model.input_blocks.14.0.out_layers.3,2359296,6.768401590306894e-07,0.0011063598794862628,0.004139132797718048,0.0011063602287322283,0.007210185208658534,0.0020814011855630316,0.9996646641406809,-0.6681331557710211,0.0004191214792057609,0.008361466979980414,0.48402529795024474,0.9992713928222656,1.0,0.9999893762353538,0.9995329395647605,0.9996995070578583,-1.1989620074061917,0.027385578703135252
56,model.middle_block.0.in_layers.2,2359296,2.1643055347908557e-08,0.0007638730457983911,0.0038008028641343117,0.0007638730457983911,0.007027291406796673,0.0020286042926940017,0.9994545742548856,-0.7255043773046101,-0.000799497794140496,0.009036977577209448,0.38537207809568164,0.9998469882541232,1.0,0.9999912907535207,0.999319714421331,0.9993304818505977,-1.1978550803783459,0.026763898540753873
57,model.middle_block.0.emb_layers.1,524288,2.9629069331349456e-07,0.00032572014606557786,0.00135035440325737,0.0003257203206885606,0.002479476018214789,0.000715763073282765,0.99903522038948,-0.6593150606975655,0.001474687348218049,0.00853008389472959,0.4582523771954783,0.9999103546142578,1.0,0.9999146671200468,0.9978759221308435,0.9973855760233263,-1.190025181157492,0.03785286328638904
58,model.middle_block.0.cond_emb_layers.1,262144,1.3255287285574013e-06,0.0008055470534600317,0.002668781206011772,0.0008055481594055891,0.00503729272076464,0.0014541411541602039,1.0004904670873522,-0.9128179955975471,-0.004538106573494378,0.009160683012008675,0.36871882267050626,0.9998664855957031,1.0,0.9998271437782552,0.9992698789679049,0.9988124321960912,-1.194038028515298,0.03830034949351102
59,model.middle_block.0.out_layers.3,2359296,-5.980312494102691e-07,0.001010129926726222,0.0037187784910202026,0.001010129926726222,0.007393381727023388,0.0021342854651593066,1.0002482700986173,-0.5696579868729326,0.0004012202914047294,0.006743971729278542,0.7506372857825472,0.9999881320529513,1.0,0.9999886242492433,1.0001043694555865,1.0000957355500852,-1.199395239827844,0.026945108955260366
60,model.middle_block.2.in_layers.2,2359296,3.637830161551392e-07,0.000761425937525928,0.0028745681047439575,0.0007614259957335889,0.005346316286898035,0.0015433485737067307,1.000137701908108,-0.9503998355891659,0.0009357085640649078,0.006107520103454611,0.8474384455909292,0.9998580084906684,1.0,0.9999893202154181,1.0000187841206227,1.0003258020417292,-1.1990970717450873,0.02755820245947689
61,model.middle_block.2.emb_layers.1,524288,1.5846720202716824e-07,0.0003251131565775722,0.0013666003942489624,0.00032511321478523314,0.002512770609592828,0.0007253743939300997,0.9987686591682892,-0.7421333932976171,0.0036123101136014512,0.0064019165039062575,0.8045200067135425,0.9998798370361328,1.0,0.9999147779963882,0.9977031043870213,0.9973762845787457,-1.1917276184141627,0.037101765716215596
62,model.middle_block.2.cond_emb_layers.1,262144,-1.3359884860619786e-06,0.0007607679581269622,0.002665415406227112,0.0007607691222801805,0.0046326884134547915,0.0013373419512898923,0.9994496188177759,-0.8967915075751294,0.002343481248335952,0.009196884012222295,0.36393318471822356,0.9995651245117188,1.0,0.9998486447120398,0.9982565660798494,0.998173077570671,-1.1934508477842367,0.03805086057400331
63,model.middle_block.2.out_layers.3,2359296,-6.839806587777275e-07,0.0008109876071102917,0.0037881582975387573,0.0008109879563562572,0.006186385793010081,0.0017858557514526235,1.000275008811355,-0.6629758010946558,0.0004280092616259131,0.0076418704032897855,0.6005666425976977,0.9993714226616753,1.0,0.9999911408958561,1.000144004886974,1.0001961347706927,-1.1994755351012936,0.027510102425236257
64,model.output_blocks.0.0.in_layers.2,4718592,9.184142335527667e-09,0.0007769411895424128,0.00331009179353714,0.0007769411895424128,0.0057266162136408285,0.001653131706245604,1.0000029759616889,-0.8416592181411873,0.0006187432822612347,0.010170573759078982,0.25046826977373393,0.9997306399875217,1.0,0.9999949784387658,0.9999439738771412,0.9999154815252211,-1.1999760443324448,0.027277993331663315
65,model.output_blocks.0.0.emb_layers.1,524288,1.3229251294433197e-07,0.0003512086404953152,0.0013929083943367004,0.00035120866959914565,0.002737846782827002,0.0007903482885325602,0.999623678546253,-0.3632946229355132,-0.005364549977263617,0.012292731380462663,0.09657648362381466,0.9999771118164062,1.0,0.9999170997765441,0.9984542026473125,0.9988255434567772,-1.1927045170606105,0.03824070771224797
66,model.output_blocks.0.0.cond_emb_layers.1,262144,6.877870077914849e-07,0.0008029741002246737,0.0023169368505477905,0.0008029743912629783,0.004549741275667206,0.0013133971751248064,0.9981752455744064,-0.9523493775583773,-0.0009003359304149285,0.007917080879211391,0.5549690468974244,0.9999542236328125,1.0,0.9998237440934592,0.9969327312185192,0.997980383333896,-1.1884333546458166,0.0383031444507651
67,model.output_blocks.0.0.out_layers.3,2359296,-3.9825397379900096e-07,0.0009425953612662852,0.003392629325389862,0.0009425956523045897,0.006092780218349667,0.0017588341495887038,1.000256735637013,-0.8198890804094829,-0.00033685951395130394,0.01091395826339725,0.18319596176652653,0.99980714586046,1.0,0.9999874417298196,1.0001275793147737,1.0000311083911135,-1.1997670011581714,0.027206435401458295
68,model.output_blocks.1.0.in_layers.2,4718592,-2.8198151369451807e-08,0.0008188399369828403,0.003363102674484253,0.0008188399369828403,0.005907140848204846,0.001705244679426051,1.0000951677395833,-0.6523638650325827,-0.0003599137559720287,0.014005082654952983,0.03919805513138763,0.9996030595567491,1.0,0.9999948341869774,1.0000333028093291,0.9999629711308555,-1.2000194205094612,0.027658607181161643
69,model.output_blocks.1.0.emb_layers.1,524288,2.3800339477020316e-07,0.0003811880887951702,0.0014192461967468262,0.00038118817610666156,0.0027300891444439024,0.0007881088512281811,0.9990078622471037,0.04100355510065201,0.0008873971685439368,0.004987724685668937,0.963672160195892,0.9998893737792969,1.0,0.9999062970683793,0.9978603336556958,0.9973612634100071,-1.1916785698604895,0.03764984544250183
70,model.output_blocks.1.0.cond_emb_layers.1,262144,-6.965098009459325e-07,0.0009000973077490926,0.002410273998975754,0.0009000975987873971,0.004667511371177013,0.0013473944732973438,0.998835041377904,-1.0305502725445574,0.001431903425911015,0.012826838445663458,0.07382502563522386,0.9999275207519531,1.0,0.9998486405667689,0.9976039485625295,0.99760604135557,-1.1907916645355279,0.038757025089580566
71,model.output_blocks.1.0.out_layers.3,2359296,2.6131667141271464e-07,0.0011528421891853213,0.0042533245868980885,0.001152842422015965,0.008196536011583223,0.002366136136355018,0.9997279492021023,-0.6888906361807692,-1.7051336531049894e-05,0.009501311302185012,0.3252867963436631,0.9999241299099393,1.0,0.9999884431522379,0.9996004926818989,0.9996981649603076,-1.1987145417117098,0.027086124191991984
72,model.output_blocks.2.0.in_layers.2,4128768,-1.7762917536856548e-07,0.0009369176696054637,0.004468828439712524,0.0009369177860207856,0.007296766821793684,0.002106395144388257,0.9998066167662182,-0.030894503200557644,0.0003387677096423762,0.016878692913055438,0.006630030985444626,0.9993557400173612,1.0,0.9999937284239753,0.9997321916498882,0.9996710132944776,-1.1992523478093948,0.027676523416303098
73,model.output_blocks.2.0.emb_layers.1,524288,-3.356402658027946e-07,0.0003471443196758628,0.001580946147441864,0.0003471444360911846,0.0028849120919160016,0.000832802386428055,0.9983504409238878,-0.4892333688076387,-6.116960685949887e-05,0.006112718772888215,0.846715229241997,0.99993896484375,1.0,0.9999169414699938,0.9972106511702188,0.9965552822117743,-1.1891475016052786,0.037912010186119005
74,model.output_blocks.2.0.cond_emb_layers.1,262144,-8.099995056909393e-07,0.0008959810365922749,0.002576397266238928,0.0008959813858382404,0.0048419514040308675,0.001397750973260154,0.9997640825976936,-1.0294308785077866,0.0023303849306650533,0.007477974224090578,0.6280816001799475,0.9999008178710938,1.0,0.9998316574308113,0.9985102997439681,0.9983038804627116,-1.193276704182356,0.03873227321309969
75,model.output_blocks.2.0.out_layers.3,2359296,1.3407757251115981e-06,0.0011142711155116558,0.004534224048256874,0.0011142719304189086,0.007679706718039325,0.002216940370478691,1.0001578333713659,-0.738159246832272,-0.0004190348497220442,0.012703176403045635,0.07864269753413033,0.9997041490342882,1.0,0.999989329289245,1.0000376486970253,0.9997294461570625,-1.1996851720144974,0.02732393855089322
76,model.output_blocks.2.1.in_layers.2,2359296,-3.0027734965187847e-07,0.0008809752180241048,0.0034979023039340973,0.0008809750434011221,0.006516174068601113,0.001881057426296656,1.0000035953913275,-0.6704710581129372,0.0013236145299379783,0.005407291603088393,0.9302592006688307,0.9998669094509549,1.0,0.9999896731097597,0.9998659817978198,0.9992653385002601,-1.1981433865788316,0.027152410530950875
77,model.output_blocks.2.1.emb_layers.1,524288,-3.9210613067552913e-07,0.0003472001408226788,0.001516716554760933,0.00034720031544566154,0.002906427608700249,0.0008390133811316246,0.9984375740263994,-0.09981336275409092,0.0006405982763238075,0.006930154228210472,0.7200829628109898,0.9999523162841797,1.0,0.9999077211657951,0.9972790155748412,0.9971427596049527,-1.190717622467036,0.03769322537118569
78,model.output_blocks.2.1.cond_emb_layers.1,262144,6.881657554913545e-07,0.000916073564440012,0.002883031964302063,0.0009160738554783165,0.005421717570522639,0.0015651150494056848,1.0003943522550793,-1.01965147231893,0.00030343366874647327,0.010316634559631388,0.23597161031531932,0.9998970031738281,1.0,0.9998511795265435,0.9992877770969578,0.9994763059113769,-1.1946905045401692,0.037910340004600585
79,model.output_blocks.2.1.out_layers.3,2359296,-1.424675701855449e-06,0.0012675178004428744,0.0040816329419612885,0.0012675189645960927,0.007859100037672389,0.002268726761169176,1.0005564363438748,-0.8709983031492108,0.0007368894750447916,0.0076124687194824014,0.6054881528788439,0.999916500515408,1.0,0.9999875949128243,1.000435287238557,1.0006896653353337,-1.1991501922187897,0.02739474795013666
80,model.output_blocks.3.0.in_layers.2,3096576,-4.0069772921924596e-07,0.0009756871731951833,0.0038815587759017944,0.0009756871731951833,0.007743689722902193,0.00223541067301926,1.0004431839582641,-0.4657626164635804,0.0017916356516966996,0.007631276130676268,0.6023391334890322,0.9999925724413029,1.0,0.9999934520243443,1.0003647285165376,1.0005559201525092,-1.200633521892022,0.02704199649952352
81,model.output_blocks.3.0.emb_layers.1,393216,-1.2153090267474909e-07,0.00034810134093277156,0.0018342584371566772,0.000348101370036602,0.003279903038280217,0.0009468264510334774,0.999357943231247,0.866433114686104,-0.0017467774082770041,0.0068403761863708445,0.7348973625097605,0.9996592203776041,1.0,0.9999123279438105,0.9980919875366072,0.9983025899842976,-1.1920142676870193,0.038473451316046216
82,model.output_blocks.3.0.cond_emb_layers.1,196608,-6.442553512897575e-07,0.0008809285936877131,0.0023858100175857544,0.0008809288265183568,0.004679909606618206,0.0013509735355820684,1.0002510575319916,-0.9859974232085271,0.001321236576733556,0.0079312630176544,0.5526476144686601,0.99993896484375,1.0,0.9998147107759443,0.9990084741489517,0.9982729089807761,-1.1910918199932892,0.03873343695886433
83,model.output_blocks.3.0.out_layers.3,1327104,-1.496283744018001e-06,0.0013069745618849993,0.004211306571960449,0.0013069752603769302,0.008046142698272946,0.0023227213263930136,1.000108279000269,-0.8256201905902292,0.0004183138560369493,0.014508354377746557,0.02940827823670522,0.9998809437692902,1.0,0.9999801481733422,0.9999557530549267,1.0003202271749805,-1.1997444515675078,0.027600720863168438
84,model.output_blocks.4.0.in_layers.2,2654208,5.076584557173192e-07,0.0011176678817719221,0.006133547052741051,0.0011176681146025658,0.010723196146056407,0.0030955200907494124,0.9999687008550135,0.11139118486426902,-0.0018582648757575842,0.009083996963500929,0.37898794527443147,0.9996646834008488,1.0,0.9999906147311818,0.9998896120034654,1.0000829856233553,-1.1993648781221171,0.026298591542989014
85,model.output_blocks.4.0.emb_layers.1,393216,-7.529588401666842e-07,0.00036677485331892967,0.002854723483324051,0.00036677561001852155,0.005215251539635846,0.001505513440150183,0.9995671039725843,1.9163686315444277,0.009370247062520399,0.005737845039367695,0.8950379191684925,0.9998652140299479,1.0,0.9999020140950703,0.998467612868831,0.9974979508836153,-1.195849204368998,0.03724601034385463
86,model.output_blocks.4.0.cond_emb_layers.1,196608,2.0220520582370227e-06,0.0008678386220708489,0.00240403413772583,0.0008678408921696246,0.004524616040582732,0.0013061441445050696,0.999002906809994,-0.9469565128711706,-0.0006276132422178891,0.012030072879791243,0.10975329956839719,0.9997711181640625,1.0,0.9998232948974501,0.9977768055247974,0.9981356020775292,-1.1892633860455606,0.038462113278607525
87,model.output_blocks.4.0.out_layers.3,1327104,1.4955497817936703e-07,0.0013010733528062701,0.004630271345376968,0.0013010733528062701,0.00921449745733907,0.0026599962937209174,1.0005865819196254,-0.5512537662137147,0.0010457703875623135,0.011283094024658213,0.1555131022099837,0.9999819155092593,1.0,0.9999807774101025,1.0004147797218237,1.0006247284615424,-1.1993860914931098,0.027314034427826598
88,model.output_blocks.5.0.in_layers.2,2211840,9.703328629484531e-08,0.0011445452691987157,0.0056947506964206696,0.0011445452691987157,0.008987249586525865,0.002594395484027531,0.9996433970564186,0.6409668997963216,-0.0012460094443798267,0.0054904014110565,0.9221170489185365,0.9976340964988426,1.0,0.9999885601693306,0.9995398619732653,0.9998994279737513,-1.1990219895983936,0.027769577691952388
89,model.output_blocks.5.0.emb_layers.1,393216,3.2289915452565765e-07,0.00036105039180256426,0.0019680093973875046,0.00036105053732171655,0.003887853284520427,0.0011223265701938196,0.9986377530379754,0.526722401339395,0.0036929404441982797,0.011522259140014701,0.13943705536028528,0.9999771118164062,1.0,0.9999059592972914,0.997425039390925,0.9986501416307496,-1.1912720516248898,0.0384609749695907
90,model.output_blocks.5.0.cond_emb_layers.1,196608,1.0983109177686856e-06,0.0008271629922091961,0.002192605286836624,0.000827163748908788,0.004349018175770917,0.0012554534072459574,0.9988055152317923,-0.9793717872096508,-0.0007192079789921277,0.005466747665405225,0.9244845250658138,0.9999898274739584,1.0,0.9998183397234139,0.9976662152886151,0.9977233716529686,-1.1899185632976952,0.0377766367358466
91,model.output_blocks.5.0.out_layers.3,1327104,-1.3429710179480026e-06,0.0010222147684544325,0.0044260174036026,0.001022215699777007,0.008136274542395525,0.002348740148626378,0.9993663055313696,-0.6055165238645768,0.0022991008522677036,0.0056401086807250644,0.9062278385586938,0.9996857819733797,1.0,0.9999790727483848,0.9991787675624076,0.9991265862611896,-1.197087680910939,0.02802243547141552
92,model.output_blocks.5.2.in_layers.2,1327104,3.391909046968067e-07,0.0009394651860930026,0.004038646817207336,0.0009394651860930026,0.006745668142799317,0.0019473066590545345,1.0004781817328512,-0.46833554394860943,-0.0023824356453808473,0.008832057809829708,0.41395928188414377,0.9991334514853395,1.0,0.9999817675543702,1.0003188124880193,1.0001948442922788,-1.1998419990453197,0.0266299565055718
93,model.output_blocks.5.2.emb_layers.1,393216,-7.97619122749893e-07,0.00035408628173172474,0.0015363916754722595,0.0003540871839504689,0.00297937067005578,0.0008600702291861901,0.9993316174716019,-0.38017950110882737,0.001508693193848056,0.004934976387023893,0.9669620366487713,0.9999542236328125,1.0,0.9999041889060956,0.9982444126633236,0.9989338920244146,-1.1923747506936009,0.03735749621409923
94,model.output_blocks.5.2.cond_emb_layers.1,196608,1.769902951309632e-06,0.0008879563538357615,0.002481237053871155,0.0008879581582732499,0.004889115573853019,0.0014113660963316161,0.9985386442957821,-0.9891362715202843,-0.005076441596989114,0.012979556655883795,0.06822290312365964,0.9999593098958334,1.0,0.9998028727142043,0.9973339517786236,0.9973950223253166,-1.1932284804607143,0.03827390850832065
95,model.output_blocks.5.2.out_layers.3,1327104,-1.7441548152419273e-06,0.0011163658928126097,0.00760747492313385,0.0011163672897964716,0.013663858879269578,0.0039444163010576745,1.0006735085455907,0.4548744570930361,0.0019073472600032123,0.005739977741241464,0.8947867987978492,0.9997332537615741,1.0,0.999980076404176,1.000508720904518,1.0006991116373238,-1.200299377727279,0.026952306906382242
96,model.output_blocks.6.0.in_layers.2,1474560,-3.852200904930214e-07,0.0011407581623643637,0.006450153887271881,0.0011407582787796855,0.011414853137309156,0.003295184265792743,1.0000743136084134,0.01417844562193693,0.0008903473195723669,0.011455630111694343,0.14377449042291202,0.9995585123697917,1.0,0.9999819644902442,0.9999703804933243,1.0003661165873816,-1.1999452019431787,0.02679322347603738
97,model.output_blocks.6.0.emb_layers.1,262144,-1.9651625393635186e-07,0.00040136498864740133,0.0022982489317655563,0.00040136504685506225,0.0042686997436162995,0.0012322674730332786,0.9994867845960984,1.1511088790024582,-0.012801637179221417,0.006109062767028828,0.8472239787687752,0.999847412109375,1.0,0.9998722890457721,0.998371979008617,0.9983538994060372,-1.1952237730915738,0.037619221897330135
98,model.output_blocks.6.0.cond_emb_layers.1,131072,1.2537232123577269e-06,0.0007988570141606033,0.0026045292615890503,0.0007988580036908388,0.004930414787427647,0.0014232881523689317,0.9962589367487888,-0.7795285405317784,0.001507161031152439,0.01257428321838383,0.08394422631983145,0.9998245239257812,1.0,0.9997489420938352,0.9951443332018342,0.9965361315121108,-1.1835377715503193,0.03782022139057517
99,model.output_blocks.6.0.out_layers.3,589824,-3.928666956198867e-06,0.0016051542479544878,0.010366983711719513,0.0016051591373980045,0.018614740822258898,0.005373612812313145,1.0001238679795101,1.282241618734517,-0.006618571387573353,0.0086880687713623,0.4347682290737035,0.9996371799045138,1.0,0.9999549308621817,0.9998690597904745,0.9988195556369364,-1.1997760208127206,0.02698202320560813
100,model.output_blocks.7.0.in_layers.2,1179648,1.5292243915610015e-06,0.0013053524307906628,0.005689509212970734,0.001305353594943881,0.009123577611652885,0.002633749995030118,1.0004897444194405,-0.09378044862063284,0.0009125135782202219,0.010269786643981926,0.2405512614569384,0.9989844428168403,1.0,0.9999780667452622,1.0003605267994766,1.0004837565995996,-1.1996839741034182,0.02752524251397699
101,model.output_blocks.7.0.emb_layers.1,262144,-1.1675795121846022e-06,0.0003798632533289492,0.001788027584552765,0.0003798649995587766,0.0034750072270866455,0.0010031481789971848,0.998578803984025,0.5698557769775783,0.007194587368047526,0.013860580635070813,0.042489605847282785,0.9998817443847656,1.0,0.9998760835096968,0.9974388681441667,0.9969165129294144,-1.1907319122830229,0.03819043864496052
102,model.output_blocks.7.0.cond_emb_layers.1,131072,-2.9347638701437972e-06,0.0007698970148339868,0.002351433038711548,0.0007699026609770954,0.004530622499195609,0.00130787805975358,1.0013634499248387,-0.7585924886466766,0.0023697360141719296,0.011510133647918752,0.14021842928429007,0.9998626708984375,1.0,0.9997786866425095,1.0003141631362584,1.0003203820323903,-1.1954860877267546,0.03714873094577342
103,model.output_blocks.7.0.out_layers.3,589824,-9.97621441456431e-07,0.0012748539447784424,0.0056745074689388275,0.001274854177609086,0.011226900449887974,0.0032409269984539765,0.999586099814838,-0.061920818927050814,0.00028007355374851556,0.006629863452911389,0.7689925251097511,0.9999525282118056,1.0,0.999958224837808,0.9993146501001051,0.99917908292307,-1.1963067731321215,0.027504293713718653
104,model.output_blocks.8.0.in_layers.2,884736,-2.7824023618450155e-07,0.0013695554807782173,0.006897889077663422,0.0013695554807782173,0.010637268776030053,0.0030707149956416763,1.0002764541471785,0.983425717693386,0.0019732104508414054,0.007777946472168007,0.577902049245858,0.9972997594762731,1.0,0.9999737384550371,1.00012917708836,0.9998394981562063,-1.2001246475692833,0.026790858982130884
105,model.output_blocks.8.0.emb_layers.1,262144,-9.408990564452324e-08,0.000364350009476766,0.0018989890813827515,0.00036435003858059645,0.003274376584788946,0.0009452311013280528,0.9987994241736783,0.45413973887429204,-0.011889359796556236,0.008136745166778564,0.5194055593573942,0.9994735717773438,1.0,0.9998624364681948,0.9975575520324393,0.9976611705934151,-1.1902300444169243,0.03822503529954702
106,model.output_blocks.8.0.cond_emb_layers.1,131072,-2.189335191360442e-06,0.0007226531160995364,0.002351224422454834,0.0007226564921438694,0.004598646182713546,0.0013275148057487556,0.9997633599297817,-0.6026320508550138,-0.002687482568286869,0.013530597925186183,0.050920009492577134,0.9999313354492188,1.0,0.9997649536916391,0.998497866387724,0.9978318234588792,-1.1924301285173131,0.038787034689448774
107,model.output_blocks.8.0.out_layers.3,589824,-1.615486411310485e-07,0.0011188662610948086,0.008088922128081322,0.0011188662610948086,0.013894544811699334,0.004011009593650965,1.001301610199241,1.8108424966212207,0.007877958766193448,0.013383374786376967,0.05512489908710072,0.9994540744357638,1.0,0.9999559306362377,1.0010257627760382,1.000408341041087,-1.199820126986785,0.027770881502889096
108,model.output_blocks.8.1.in_layers.2,589824,-4.775777711074625e-07,0.0009808839531615376,0.005633987486362457,0.0009808839531615376,0.008653152646042231,0.0024979500047657022,1.0003382938727763,0.2957533883205694,-0.0011333952594074761,0.009035789299011276,0.3855342767685699,0.9990861680772569,1.0,0.9999514946149386,1.000070985383929,1.0002518318190399,-1.199641792572324,0.027604466333054006
109,model.output_blocks.8.1.emb_layers.1,262144,5.557290023716632e-07,0.00039111208752729,0.0019289124757051468,0.0003911124949809164,0.003611669531018715,0.0010425991879788124,0.9995148654063866,0.2989563701103486,-0.006451056370409238,0.008492801856994636,0.46388976628017586,0.9998588562011719,1.0,0.999881193622292,0.9983516737340477,0.9987090390655634,-1.1936246443579788,0.03856666845967993
110,model.output_blocks.8.1.cond_emb_layers.1,131072,-3.5195148484490346e-06,0.000868393515702337,0.0034989863634109497,0.0008684006752446294,0.0064557427027094084,0.0018636123936141198,0.9994094591295329,-0.5046584079857905,-0.0048052562198754095,0.006649485301971403,0.765859952454654,0.999725341796875,1.0,0.9997563396593738,0.9981079471251176,0.9978093175153394,-1.187453413231502,0.03870517772156745
111,model.output_blocks.8.1.out_layers.3,589824,-1.2522983752205619e-06,0.0012302709510549903,0.005127072334289551,0.0012302716495469213,0.00927968898157435,0.002678815465753978,1.0006944659150336,-0.6391334571925849,0.005547003025939227,0.008545425796508743,0.4559429193562077,0.9996253119574653,1.0,0.9999574007408675,1.0004087467352383,1.0009244807875408,-1.1988419226327018,0.027565540006384254
112,model.output_blocks.9.0.in_layers.2,442368,4.4109829104854725e-06,0.0014209121000021696,0.005276981741189957,0.0014209188520908356,0.008259863365353563,0.002384417168728204,1.001475566689445,-0.28662809836697933,-0.006063381472476901,0.009598078536987298,0.31360621971019276,0.9959671585648148,1.0,0.9999440921699351,1.0013196793166836,1.00184722447267,-1.1997850269387953,0.026978901963680982
113,model.output_blocks.9.0.emb_layers.1,131072,-5.965176228528435e-07,0.00034522422356531024,0.001965414732694626,0.00034522474743425846,0.0029573360766012836,0.0008537093899549714,0.9976007245845043,0.25605708326864685,-0.016740860749133935,0.007871893024444576,0.5623865918373787,0.9990386962890625,1.0,0.9997764963454927,0.9963728670388411,0.9981788589139655,-1.189328329340465,0.03857084678020328
114,model.output_blocks.9.0.cond_emb_layers.1,65536,1.367421418763115e-06,0.0007044179947115481,0.0021472126245498657,0.0007044192752800882,0.004295563603949359,0.0012400224015306608,0.9971514316198945,-0.697942926186188,-0.006520469883074238,0.012266836643218981,0.09781402712317899,1.0,1.0,0.999606397998225,0.9960630405124492,0.9963931981229789,-1.1836364856657284,0.0364929276984185
115,model.output_blocks.9.0.out_layers.3,147456,-7.956801709951833e-06,0.0015294780023396015,0.005666729062795639,0.0015294986078515649,0.010681901860424853,0.003083599457286727,1.0014343746184708,-0.3591145242389633,0.0013004963219524748,0.009586445713043235,0.3149949184801868,0.9995388454861112,1.0,0.9998504944714756,1.0010983525900987,0.9990524611810907,-1.2001503761568726,0.02635528497584164
116,model.output_blocks.10.0.in_layers.2,294912,-1.8646018133949838e-06,0.0013517549959942698,0.004306413233280182,0.00135175627656281,0.007488157570831419,0.002161644894626927,1.0003716398349933,-0.5763724145472948,0.0006874506151502254,0.005531960105896017,0.917861894023046,0.9978129069010416,1.0,0.9999101269289394,1.000132366586415,1.0009502903558203,-1.1969196912766176,0.027753393005579705
117,model.output_blocks.10.0.emb_layers.1,131072,-6.922473971826548e-08,0.0003820122219622135,0.0014449022710323334,0.000382012251066044,0.0027761393644678313,0.0008014024046917095,0.9990025970951747,-0.1051010440740816,-0.008372775668983997,0.00847980971336365,0.46586261264831563,0.999755859375,1.0,0.9998060231340453,0.997824328198941,0.9992747848022505,-1.194575190356256,0.0380033403635025
118,model.output_blocks.10.0.cond_emb_layers.1,65536,1.956044798134826e-06,0.0007083218661136925,0.0035359524190425873,0.0007083245436660945,0.006292898354567881,0.0018166032794963596,1.0004740522019266,0.16692512270996218,-0.019188937405929567,0.007864435768127453,0.5636136523635549,0.9991455078125,1.0,0.9995845472198132,0.9992902060192974,0.9990702181640669,-1.1927234481940077,0.03859082283452153
119,model.output_blocks.10.0.out_layers.3,147456,2.1163830297155073e-06,0.001144055975601077,0.0033238285686820745,0.0011440579546615481,0.0066415981983575295,0.0019172642538355267,1.0008776106115451,-0.7268633242815463,-0.0015684106931861705,0.009560263729095464,0.31813593686302144,0.9999864366319444,1.0,0.9998443341016282,1.0003418789831202,0.999357014086789,-1.1976906400629561,0.02709799065999687
120,model.output_blocks.11.0.in_layers.2,294912,8.604176855442347e-07,0.0014819038333371282,0.004855208098888397,0.0014819041825830936,0.00859726672097454,0.002481817127824831,1.0018222408105755,-0.3313076163045796,0.002229886322332022,0.007894329881668105,0.5586996986476147,0.9964124891493056,1.0,0.9999092864922133,1.0015525437268387,1.0018000962009916,-1.2002067355775017,0.027526878334581853
121,model.output_blocks.11.0.emb_layers.1,131072,4.134470827921177e-07,0.00047711250954307616,0.001997441053390503,0.0004771126841660589,0.0036593020900966616,0.001056349523381734,0.9981590371655269,0.15943527409678637,0.0011021977275954907,0.007812956428527862,0.5721060383719292,0.9993133544921875,1.0,0.9997328009519502,0.9968818494693914,0.9970885078924291,-1.1854241557367613,0.03840668767224997
122,model.output_blocks.11.0.cond_emb_layers.1,65536,1.6746589608374052e-06,0.0006382192368619144,0.0021269824355840683,0.0006382214487530291,0.003995482846507876,0.0011533965484869272,0.9974894337260831,-0.5452255927761147,-0.020926658662234792,0.009216493892669653,0.36135754876036197,0.9993743896484375,1.0,0.9996105953871743,0.9963665505502793,0.9956380617742567,-1.194092732534944,0.038004123605787754
123,model.output_blocks.11.0.out_layers.3,147456,2.659275196492672e-06,0.0010826968355104327,0.0042598918080329895,0.0010827002115547657,0.007755911256384662,0.0022389387258422667,1.0011693619713768,-0.18078100516433215,0.0036762790010934467,0.008130421066284144,0.5204168094513952,0.9989691840277778,1.0,0.999849626719595,1.0007374541706502,1.0007503694399271,-1.2007360824028792,0.026075285894796255
124,model.output_blocks.11.1.in_layers.2,147456,-2.6075313144247048e-06,0.0009416915709152818,0.004779726266860962,0.0009416952379979193,0.007350088104488343,0.0021217876728469053,1.0019674970608525,0.9630743586529773,0.010083957086614546,0.007845761108398408,0.5666900375043895,0.9962158203125,1.0,0.9998341424885077,1.001405475160939,1.0021024294838177,-1.1970720588703059,0.027933667296543722
125,model.output_blocks.11.1.emb_layers.1,131072,-2.289095988317058e-07,0.00041767547372728586,0.002680182456970215,0.00041767547372728586,0.004065987514698599,0.0011737494930664468,0.9995921908729519,0.7684869146942193,0.0006972482143300576,0.008363128042221057,0.4837680206576608,0.9990768432617188,1.0,0.9998130167927664,0.9983939235940468,0.9970955797141376,-1.1919287692382454,0.038249194622039795
126,model.output_blocks.11.1.cond_emb_layers.1,65536,3.303939138277201e-06,0.0008141715079545975,0.003914579749107361,0.0008141782600432634,0.006493758028886449,0.0018745864730149427,0.9980603413764261,0.19510416972103828,0.003567218008246434,0.023644596385955785,2.7396417666397107e-05,0.9986114501953125,1.0,0.9995778508425092,0.9967994746027566,0.9978321331736986,-1.1890363775474682,0.039146737195551395
127,model.output_blocks.11.1.out_layers.3,147456,-1.7106447103287792e-06,0.0012708180584013462,0.0063551850616931915,0.0012708192225545645,0.00974046761595358,0.0028118308000518164,1.000299579520357,1.1508643640326301,0.019552834648917983,0.007972585010528555,0.5459024179396468,0.9959038628472222,1.0,0.9998564927501439,0.999792852200835,1.0001311978969014,-1.1950349521512214,0.02775439508073032
128,model.output_blocks.12.0.in_layers.2,294912,-2.5738481781445444e-06,0.0016427880618721247,0.007616517134010792,0.0016427900409325957,0.011421573209011649,0.0032971241833959467,0.9996989392473561,0.6316027845169061,0.005230366953742916,0.00641867618560793,0.8019680315752176,0.9964565700954862,1.0,0.9999126536164783,0.9994702729247916,1.000258955259885,-1.198620695900865,0.026101190181449054
129,model.output_blocks.12.0.emb_layers.1,131072,5.928613973082975e-07,0.00045412068720906973,0.0025593265891075134,0.00045412106555886567,0.0045421095344963976,0.0013111940812151304,0.999302813993402,0.6296017909145912,0.010081435769540311,0.00882634849548336,0.4147732353202117,0.9995269775390625,1.0,0.9997551874988138,0.9981886963922252,0.9995067612019468,-1.1907664835244096,0.03826619824394584
130,model.output_blocks.12.0.cond_emb_layers.1,65536,-3.263216513005318e-06,0.0007896246970631182,0.0026466548442840576,0.0007896314491517842,0.005160470647136058,0.0014896995586345827,0.9975673786222873,-0.49962309225820256,0.0013079987004520036,0.010525031375885008,0.21639017729400567,0.9998321533203125,1.0,0.9995328964544263,0.9964440308742544,0.9973650832261123,-1.1918310719342209,0.037780042039230466
131,model.output_blocks.12.0.out_layers.3,147456,-6.281917194428388e-06,0.001607658457942307,0.013853704556822777,0.0016076709143817425,0.01963641559045146,0.005668544913533257,1.0048870754246315,12.428265565212177,-0.08069637442094814,0.006927458667755126,0.7205296622495676,0.9970431857638888,1.0,0.9998132103078602,1.0043519632258453,1.0036077467441524,-1.2051736021096828,0.027369663435965776
132,model.output_blocks.13.0.in_layers.2,294912,7.648031896678731e-07,0.0017169286729767919,0.006579031236469746,0.0017169289058074355,0.011210262775421143,0.003236124115537919,1.0013651017372087,0.10429758884531504,0.001303831862925683,0.012028990459442113,0.1098105316532515,0.9980027940538194,1.0,0.9999179663976417,1.001090073364524,1.0010699951335007,-1.2013013733551667,0.028908363329246643
133,model.output_blocks.13.0.emb_layers.1,131072,-5.221788228482183e-07,0.0004313549434300512,0.002365194261074066,0.0004313552926760167,0.004343075076426108,0.001253737782242684,0.999061442910852,0.7351305382993609,-0.0011166980142058344,0.010800886869430537,0.1924078469338515,0.9996719360351562,1.0,0.9998003930336435,0.9977663312760954,0.9978405987120942,-1.1877443645225414,0.038329146220348775
134,model.output_blocks.13.0.cond_emb_layers.1,65536,-6.298914740909822e-07,0.0007512611337006092,0.0026895254850387573,0.0007512613665312529,0.0050331762456518455,0.0014529528301529615,1.00010466566071,-0.2725439963348313,-0.0022485201983283203,0.007557116127014152,0.6147724573666056,0.9994659423828125,1.0,0.9995998759615126,0.9989934742193369,0.9984283342009554,-1.194559931592748,0.0366969034075737
135,model.output_blocks.13.0.out_layers.3,147456,3.5822749850922264e-06,0.0016998936189338565,0.009798675775527954,0.001699897344224155,0.019153832450626403,0.005529235160691072,1.0086424708475745,2.3535272568419883,-0.004557224643359463,0.006059372091293341,0.854071103272387,0.9997626410590278,1.0,0.999759885692646,1.008110104141614,1.0078464005235612,-1.209102358104005,0.027386118177324538
136,model.output_blocks.14.0.in_layers.2,294912,4.4183590830471076e-07,0.0012117080623283982,0.004619769752025604,0.00121170817874372,0.009013299866924136,0.002601915552227734,1.000372156026359,-0.24353498507628402,0.00910637297185826,0.005378174972534233,0.9329943965802938,0.9997829861111112,1.0,0.9999097333421817,1.0001140345339956,1.0005035783480383,-1.1978727424412936,0.028001175569370387
137,model.output_blocks.14.0.emb_layers.1,131072,5.437457843981974e-07,0.000572043121792376,0.003782861866056919,0.0005720434128306806,0.006586248011100949,0.0019012860310793852,1.000114989488022,3.6925308185565893,0.004843214288813482,0.008296818208694434,0.49408864110066586,0.9990234375,1.0,0.9997560529140043,0.9991622946054532,0.9977085569607762,-1.1916023344967555,0.03657391178421676
138,model.output_blocks.14.0.cond_emb_layers.1,65536,2.0845864128204994e-06,0.0007329061045311391,0.004269510507583618,0.0007329091313295066,0.007478648752678098,0.0021588999352666794,0.9987972561699429,2.252725712566117,0.016445513743369312,0.008580129671096781,0.4507414663622572,0.9989471435546875,1.0,0.9995330472564617,0.997683048235277,0.9971867907284375,-1.1929573468651662,0.03783919382840395
139,model.output_blocks.14.0.out_layers.3,147456,-3.505479071463924e-06,0.0012470531510189176,0.004049479961395264,0.001247058273293078,0.007979036785486176,0.0023033495179871854,1.0074341700990006,-0.3415948505260995,-0.0036236801187207643,0.009268622303009066,0.3545681519513669,0.9998711480034722,1.0,0.9997533810471488,1.0068563108027515,1.0043858019895069,-1.2033452391998154,0.02802835447527468
