layer_idx,layer_name,numel,w_min,w_max,w_range,w_mean,w_std,w_kurtosis,delta_int8,delta_over_std,precision_ratio,fp32_precision,int8_over_fp32,pch_delta_int8_mean,pch_delta_over_std_mean,pch_delta_over_std_max
0,model.input_blocks.1.0.in_layers.2,147456,-1.4544711112976074,0.9792870283126831,2.4337581396102905,-0.0020720099564641714,0.08413340151309967,5.164214147385479,0.009581724959095633,0.11388728836180312,0.3473341168161811,2.901265787613738e-07,33026.015748031496,0.003555713687092066,0.04267246276140213,0.12058335542678833
1,model.input_blocks.1.0.emb_layers.1,131072,-0.5285112857818604,0.4712238013744354,0.9997350871562958,-0.0009991537081077695,0.04089309647679329,7.313287971579941,0.003935964910064157,0.09625010696369142,0.3473341168161811,1.1917770947889039e-07,33026.015748031496,0.0013077016919851303,0.033417947590351105,0.06690222769975662
2,model.input_blocks.1.0.cond_emb_layers.1,65536,-0.6674308776855469,0.9200674295425415,1.5874983072280884,-0.006932963151484728,0.07798265665769577,5.017096738494391,0.006249993335543655,0.08014594017869643,0.3473341168161811,1.8924454536772828e-07,33026.015748031496,0.0024384097196161747,0.034661561250686646,0.0771360918879509
3,model.input_blocks.1.0.out_layers.3,147456,-1.3698066473007202,1.9532949924468994,3.3231016397476196,-0.0010409136302769184,0.08852477371692657,10.57544254903911,0.013083077321841023,0.1477900114551962,0.3473341168161811,3.9614458557934995e-07,33026.015748031496,0.003849725006148219,0.0482676699757576,0.1636936515569687
4,model.input_blocks.2.0.in_layers.2,147456,-1.2039371728897095,0.8123583793640137,2.016295552253723,-0.0023912566248327494,0.08667978644371033,5.911897455337559,0.007938171465565838,0.09158042250864669,0.34733411681618115,2.4036116030856647e-07,33026.015748031496,0.004437180235981941,0.05157581344246864,0.10163719952106476
5,model.input_blocks.2.0.emb_layers.1,131072,-0.46634724736213684,0.48377150297164917,0.950118750333786,-0.0009155194275081158,0.04440489411354065,3.738681206395081,0.003740625001314118,0.08423902535755012,0.3473341168161811,1.1326298121616674e-07,33026.015748031496,0.0014190026558935642,0.03260527551174164,0.06511308252811432
6,model.input_blocks.2.0.cond_emb_layers.1,65536,-0.4996947646141052,0.5688971877098083,1.0685919523239136,-0.0013610447058454156,0.07532918453216553,2.70058329007541,0.004207054930409108,0.05584893765253557,0.34733411681618115,1.2738608745621605e-07,33026.015748031496,0.0026970894541591406,0.038357749581336975,0.07103937864303589
7,model.input_blocks.2.0.out_layers.3,147456,-0.7392566204071045,0.7544751167297363,1.4937317371368408,-0.0010359794832766056,0.07928690314292908,4.19166519734996,0.005880833610774964,0.07417156399840108,0.3473341168161811,1.7806669916353712e-07,33026.015748031496,0.003250128123909235,0.04198138415813446,0.07939000427722931
8,model.input_blocks.3.0.in_layers.2,147456,-1.2825742959976196,1.4098012447357178,2.6923755407333374,-0.00217684474773705,0.08621221035718918,7.16859907561121,0.010599903703674557,0.12295130422517564,0.3473341168161811,3.2095617541472166e-07,33026.015748031496,0.00432657590135932,0.050279922783374786,0.11664178222417831
9,model.input_blocks.3.0.emb_layers.1,131072,-0.6660353541374207,0.5081377625465393,1.17417311668396,-0.0008026838186196983,0.04562945291399956,3.823483418536769,0.004622728805842362,0.10131019572936309,0.3473341168161811,1.3997234304952144e-07,33026.015748031496,0.0013436070876196027,0.03039250709116459,0.05924952030181885
10,model.input_blocks.3.0.cond_emb_layers.1,65536,-0.5399361848831177,0.6412356495857239,1.1811718344688416,-0.0078039271757006645,0.08098232001066208,2.1243937516370073,0.004650282812869455,0.057423432820889526,0.3473341168161811,1.408066552244236e-07,33026.015748031496,0.002260941080749035,0.029793502762913704,0.05013975501060486
11,model.input_blocks.3.0.out_layers.3,147456,-1.0750986337661743,0.9145923852920532,1.9896910190582275,-2.8366946935420856e-05,0.07752631604671478,5.302692315084421,0.00783342920889066,0.10104219584056402,0.3473341168161811,2.3718965280750126e-07,33026.015748031496,0.003625776618719101,0.04784516245126724,0.10119865089654922
12,model.input_blocks.4.0.in_layers.2,147456,-1.57188880443573,0.7015398740768433,2.2734286785125732,-0.0034101521596312523,0.0880337506532669,5.366226747789099,0.008950506608317218,0.1016713083538648,0.3473341168161811,2.710138176098553e-07,33026.015748031496,0.004477765876799822,0.05096644535660744,0.12663380801677704
13,model.input_blocks.4.0.emb_layers.1,131072,-0.4169149696826935,0.3923777937889099,0.8092927634716034,-0.0015060019213706255,0.04686746001243591,2.162864577214454,0.003186191982171667,0.067983030897306,0.3473341168161811,9.647521537203829e-08,33026.015748031496,0.0013464954681694508,0.029768696054816246,0.06313060969114304
14,model.input_blocks.4.0.cond_emb_layers.1,65536,-0.569983184337616,0.5975882411003113,1.1675714254379272,-0.00395929254591465,0.08132144063711166,1.5041524730534093,0.0045967378954249105,0.05652553446367043,0.3473341168161811,1.3918536012624827e-07,33026.015748031496,0.002266688272356987,0.028591085225343704,0.04038321226835251
15,model.input_blocks.4.0.out_layers.3,147456,-0.6903032064437866,0.7001065611839294,1.390409767627716,-0.000786379911005497,0.07069858908653259,3.8187894889464724,0.005474054203258725,0.07742805441960442,0.3473341168161811,1.6574976058336688e-07,33026.015748031496,0.0029480108059942722,0.04257075488567352,0.07353844493627548
16,model.input_blocks.5.0.in_layers.2,147456,-1.3506228923797607,0.7981947660446167,2.1488176584243774,-0.0017049390589818358,0.0853235125541687,6.934112154300701,0.008459912041040856,0.0991510052468928,0.3473341168161811,2.5615902643494337e-07,33026.015748031496,0.004776567220687866,0.05613439157605171,0.11406605690717697
17,model.input_blocks.5.0.emb_layers.1,131072,-0.36832988262176514,0.35176780819892883,0.720097690820694,-0.00046780912089161575,0.04812898859381676,1.4441202592052287,0.00283503027882163,0.05890483805277695,0.3473341168161811,8.584233412989306e-08,33026.015748031496,0.0013005244545638561,0.028629276901483536,0.06359843164682388
18,model.input_blocks.5.0.cond_emb_layers.1,65536,-0.573848307132721,0.8593652248382568,1.4332135319709778,9.416013199370354e-05,0.08413716405630112,1.4897201753278368,0.00564257296051566,0.06706397848961036,0.3473341168161811,1.7085236692082617e-07,33026.015748031496,0.0023505811113864183,0.028431570157408714,0.041503068059682846
19,model.input_blocks.5.0.out_layers.3,147456,-0.6650377511978149,0.6688857078552246,1.3339234590530396,-0.00039149215444922447,0.06830509006977081,2.9817192172320865,0.00525166716162614,0.0768854437668539,0.3473341168161811,1.590160678688335e-07,33026.015748031496,0.0026872451417148113,0.04107622429728508,0.08113677054643631
20,model.input_blocks.6.0.in_layers.2,147456,-1.1008907556533813,1.365673542022705,2.4665642976760864,-0.003098215674981475,0.08410317450761795,4.23511579504358,0.009710883061716876,0.11546393008889115,0.3473341168161811,2.94037377557288e-07,33026.015748031496,0.0036159176379442215,0.04299159720540047,0.09892769157886505
21,model.input_blocks.6.0.emb_layers.1,131072,-0.44287654757499695,0.32989081740379333,0.7727673649787903,-0.0016983909299597144,0.048004355281591415,2.2131481865649896,0.0030423912007038986,0.06337739946290268,0.34733411681618115,9.212104856715086e-08,33026.015748031496,0.001326825236901641,0.028611280024051666,0.05153495445847511
22,model.input_blocks.6.0.cond_emb_layers.1,65536,-0.5193503499031067,0.7900076508522034,1.30935800075531,-0.009156227111816406,0.0932910367846489,1.214865971169397,0.005154952758879174,0.05525667777413069,0.3473341168161811,1.560876370376718e-07,33026.015748031496,0.0026574740186333656,0.02926337532699108,0.08141311258077621
23,model.input_blocks.6.0.out_layers.3,147456,-0.9167006015777588,0.7608218789100647,1.6775224804878235,0.0003511562244966626,0.07778573036193848,3.8291485794647073,0.0066044192145189905,0.08490527997492081,0.3473341168161811,1.9997626310441774e-07,33026.015748031496,0.0032722880132496357,0.042891282588243484,0.08264479041099548
24,model.input_blocks.7.0.in_layers.2,294912,-1.125975251197815,1.5609493255615234,2.6869245767593384,-0.002482181414961815,0.0866638571023941,4.501127810241329,0.010578443215587947,0.1220629172201205,0.3473341168161811,3.2030636987201433e-07,33026.015748031496,0.003891309956088662,0.04519648849964142,0.09198201447725296
25,model.input_blocks.7.0.emb_layers.1,262144,-0.44436657428741455,0.4526127874851227,0.8969793617725372,-0.0009914441034197807,0.04600667208433151,2.6592309866151327,0.0035314148101280992,0.07675875367768742,0.3473341168161811,1.0692827245861736e-07,33026.015748031496,0.0012447909684851766,0.02810610644519329,0.05425339192152023
26,model.input_blocks.7.0.cond_emb_layers.1,131072,-0.7999836802482605,0.5670315623283386,1.3670152425765991,-0.006366290617734194,0.08967148512601852,1.0085129903464942,0.005381949773923618,0.06001851944684706,0.3473341168161811,1.6296091587264527e-07,33026.015748031496,0.0025184813421219587,0.028453752398490906,0.050213102251291275
27,model.input_blocks.7.0.out_layers.3,589824,-1.3672887086868286,0.896969735622406,2.2642584443092346,-0.000926906883250922,0.06634233891963959,3.39503756654811,0.008914403324052104,0.13436974742050836,0.34733411681618115,2.6992064050546105e-07,33026.015748031496,0.0031321770511567593,0.04729129374027252,0.1694641411304474
28,model.input_blocks.8.0.in_layers.2,589824,-1.3244229555130005,1.5701403617858887,2.894563317298889,-0.0001945408876053989,0.08494959771633148,6.100483960323377,0.011395918572042871,0.13414917643239016,0.3473341168161811,3.450588366149532e-07,33026.015748031496,0.004704826511442661,0.055356837809085846,0.11757630854845047
29,model.input_blocks.8.0.emb_layers.1,262144,-0.5372994542121887,0.5186623334884644,1.055961787700653,-0.0005892989574931562,0.04904688149690628,2.6483818966623227,0.004157329872837217,0.08476236910219635,0.3473341168161811,1.2588045450456775e-07,33026.015748031496,0.0011974989902228117,0.02611384354531765,0.0530356764793396
30,model.input_blocks.8.0.cond_emb_layers.1,131072,-0.7197917699813843,0.6601463556289673,1.3799381256103516,-0.003587323473766446,0.09440507739782333,1.2348594654923595,0.005432827266182486,0.057548041015113884,0.34733411681618115,1.6450144357804675e-07,33026.015748031496,0.002639372367411852,0.028608884662389755,0.05090964213013649
31,model.input_blocks.8.0.out_layers.3,589824,-0.7179725766181946,1.1110049486160278,1.8289775252342224,-0.0006182445795275271,0.06670985370874405,3.371371172747611,0.00720069891824497,0.10794055926992974,0.3473341168161811,2.1803111138751774e-07,33026.015748031496,0.0029293647967278957,0.044096045196056366,0.10770360380411148
32,model.input_blocks.9.0.in_layers.2,589824,-1.5046948194503784,0.9372783899307251,2.4419732093811035,-0.0008951446507126093,0.08024141937494278,2.640423409609423,0.009614067753468911,0.11981427831461453,0.3473341168161811,2.9110589139236254e-07,33026.015748031496,0.0035560117103159428,0.04424598067998886,0.12608876824378967
33,model.input_blocks.9.0.emb_layers.1,262144,-0.547102689743042,0.42952069640159607,0.9766233861446381,-0.0007696726825088263,0.04564980790019035,3.9482659843222967,0.0038449739611993625,0.0842276044079279,0.3473341168161811,1.164225800209806e-07,33026.015748031496,0.0011460413224995136,0.02764616720378399,0.05321834981441498
34,model.input_blocks.9.0.cond_emb_layers.1,131072,-0.5288266539573669,0.5496488809585571,1.078475534915924,-0.009303010068833828,0.10069394111633301,0.6147916957169022,0.004245966672897339,0.04216705221568149,0.3473341168161811,1.2856430231522609e-07,33026.015748031496,0.0027817892841994762,0.028007812798023224,0.04103660210967064
35,model.input_blocks.9.0.out_layers.3,589824,-0.8516833186149597,0.7412611246109009,1.5929444432258606,-0.001504055573605001,0.08448679745197296,3.371165932183688,0.0062714348158498445,0.07422976139367396,0.34733411681618115,1.8989377537081964e-07,33026.015748031496,0.0035976474173367023,0.0427987203001976,0.07866064459085464
36,model.input_blocks.10.0.in_layers.2,884736,-1.1772549152374268,0.8356714248657227,2.0129263401031494,-0.0027024815790355206,0.08279401063919067,1.6265814363597908,0.007924906850799801,0.09571835920885823,0.3473341168161811,2.399595189217507e-07,33026.015748031496,0.0035336508881300688,0.0428084135055542,0.10525958985090256
37,model.input_blocks.10.0.emb_layers.1,393216,-0.41340431571006775,0.45701754093170166,0.8704218566417694,-0.0006937974249012768,0.0487595871090889,1.6578799583832096,0.003426857703314053,0.0702806956830239,0.3473341168161811,1.037623711397373e-07,33026.015748031496,0.0011166810290887952,0.024670010432600975,0.04888615012168884
38,model.input_blocks.10.0.cond_emb_layers.1,196608,-0.6333666443824768,0.6289628744125366,1.2623295187950134,-0.007775871083140373,0.10883786529302597,0.7046343338842274,0.004969801255098478,0.045662428619603464,0.3473341168161811,1.5048140511453312e-07,33026.015748031496,0.0030227527022361755,0.02814670465886593,0.0451846607029438
39,model.input_blocks.10.0.out_layers.3,1327104,-0.7560035586357117,0.6880636215209961,1.4440671801567078,-0.0010954290628433228,0.07457097619771957,3.013706573055618,0.005685303858884676,0.07624016941570219,0.3473341168161811,1.7214622261008117e-07,33026.015748031496,0.0034398429561406374,0.04615761339664459,0.07299288362264633
40,model.input_blocks.11.0.in_layers.2,1327104,-1.1125211715698242,0.7804180979728699,1.892939269542694,-0.0027164777275174856,0.08109775185585022,0.9088340573740568,0.007452516809223205,0.09189547969687276,0.3473341168161811,2.2565594548495937e-07,33026.015748031496,0.0032292429823428392,0.03983307257294655,0.10272838175296783
41,model.input_blocks.11.0.emb_layers.1,393216,-0.3645492196083069,0.3891333043575287,0.7536825239658356,-0.00027266275719739497,0.047003600746393204,1.2208791018019491,0.0029672540313615573,0.06312822813954566,0.3473341168161811,8.984595822880692e-08,33026.015748031496,0.0010554296895861626,0.02408369816839695,0.05242201313376427
42,model.input_blocks.11.0.cond_emb_layers.1,196608,-0.6113687753677368,0.7076496481895447,1.3190184235572815,-0.006270626559853554,0.10509873926639557,0.6317794285664822,0.0051929859195168565,0.04941054436728014,0.3473341168161811,1.57239249176655e-07,33026.015748031496,0.0029228413477540016,0.028221370652318,0.045293379575014114
43,model.input_blocks.11.0.out_layers.3,1327104,-0.9283174872398376,0.6677653789520264,1.596082866191864,-0.0016525036189705133,0.07781412452459335,2.290768350469344,0.006283790811778992,0.08075385863542331,0.3473341168161811,1.9026790454290676e-07,33026.015748031496,0.00346708414144814,0.04450702294707298,0.0873723104596138
44,model.input_blocks.12.0.in_layers.2,1327104,-0.7185155749320984,0.3913811147212982,1.1098966896533966,-0.002464579651132226,0.08293160796165466,0.22777789851222519,0.004369672006509435,0.052690067320015826,0.34733411681618115,1.3230999584834535e-07,33026.015748031496,0.0027391931507736444,0.03312603011727333,0.06881449371576309
45,model.input_blocks.12.0.emb_layers.1,393216,-0.23055478930473328,0.2376687079668045,0.4682234972715378,-0.0006194290472194552,0.049898408353328705,0.37335123805446147,0.0018433995955572354,0.03694305402423362,0.3473341168161811,5.581659046072218e-08,33026.015748031496,0.0010912907309830189,0.022549932822585106,0.03330910578370094
46,model.input_blocks.12.0.cond_emb_layers.1,196608,-0.6117396354675293,0.5909547209739685,1.2026943564414978,-0.005286797881126404,0.10865268856287003,0.45971640411473214,0.00473501715134448,0.04357938320652842,0.3473341168161811,1.4337233977812502e-07,33026.015748031496,0.002991260727867484,0.02777174301445484,0.04530123248696327
47,model.input_blocks.12.0.out_layers.3,1327104,-0.7127919793128967,0.6899706721305847,1.4027626514434814,-0.0009935537818819284,0.07048530876636505,1.2483473489432964,0.005522687604108195,0.07835232193329368,0.3473341168161811,1.6722233908694761e-07,33026.015748031496,0.002933020470663905,0.04160095751285553,0.07396529614925385
48,model.input_blocks.13.0.in_layers.2,1769472,-0.8514004349708557,0.8396314978599548,1.6910319328308105,-0.0022718855179846287,0.0837361142039299,0.20403521531387536,0.0066576060347669705,0.07950698570121861,0.3473341168161811,2.0158671532044536e-07,33026.015748031496,0.0027423433493822813,0.032933082431554794,0.08660970628261566
49,model.input_blocks.13.0.emb_layers.1,524288,-0.38458725810050964,0.2893821895122528,0.6739694476127625,-0.00048061879351735115,0.050434064120054245,0.7752307448379296,0.00265342302209749,0.05261172321406852,0.3473341168161811,8.03434190288499e-08,33026.015748031496,0.0011189185315743089,0.02290436066687107,0.04427582398056984
50,model.input_blocks.13.0.cond_emb_layers.1,262144,-0.6383889317512512,0.621006965637207,1.2593958973884583,-0.006776021793484688,0.11054765433073044,0.35862123132501234,0.004958251564521489,0.04485171209189849,0.3473341168161811,1.501316901908467e-07,33026.015748031496,0.003017355455085635,0.027565671131014824,0.04693790525197983
51,model.input_blocks.13.0.out_layers.3,2359296,-1.0052635669708252,0.5960924625396729,1.601356029510498,-0.001867527374997735,0.07593531161546707,1.189938684470949,0.006304551297285426,0.08302529038306128,0.3473341168161811,1.9089651459580637e-07,33026.015748031496,0.0032959585078060627,0.04338334873318672,0.10130655765533447
52,model.input_blocks.14.0.in_layers.2,2359296,-0.7843931317329407,0.7690696716308594,1.5534628033638,-0.0016934762243181467,0.07879745960235596,0.18497077747527513,0.006115995288833859,0.07761665565895198,0.3473341168161811,1.851871971325636e-07,33026.015748031496,0.002622278407216072,0.03339815512299538,0.0828130692243576
53,model.input_blocks.14.0.emb_layers.1,524288,-0.4015321135520935,0.3030187487602234,0.7045508623123169,-0.0004397139709908515,0.04623287916183472,1.8988301450398986,0.0027738222925681767,0.05999674566662015,0.3473341168161811,8.39890077486416e-08,33026.015748031496,0.0010901314672082663,0.024152617901563644,0.04364972934126854
54,model.input_blocks.14.0.cond_emb_layers.1,262144,-0.6019658446311951,0.5692098736763,1.1711757183074951,-0.009829546324908733,0.10628635436296463,0.3511186535049191,0.004610928024832658,0.04338212607277034,0.3473341168161811,1.396150253185624e-07,33026.015748031496,0.0029215379618108273,0.02767270989716053,0.041399892419576645
55,model.input_blocks.14.0.out_layers.3,2359296,-1.051384687423706,0.7800023555755615,1.8313870429992676,-0.0015605087392032146,0.0791345164179802,1.4660863670502131,0.007210185208658534,0.09111302545255955,0.3473341168161811,2.1831834828844876e-07,33026.015748031496,0.00372990220785141,0.047072380781173706,0.10177817940711975
56,model.middle_block.0.in_layers.2,2359296,-0.9658240079879761,0.8191080093383789,1.784932017326355,-0.0018600954208523035,0.08044547587633133,0.11764581544631447,0.007027291406796673,0.08735471237080329,0.3473341168161811,2.1278047768191755e-07,33026.015748031496,0.0026070037856698036,0.03257802501320839,0.09670846164226532
57,model.middle_block.0.emb_layers.1,524288,-0.3436909317970276,0.2860959768295288,0.6297869086265564,-0.0006586677627637982,0.04686255753040314,1.0179843390183736,0.002479476018214789,0.05290953265948543,0.3473341168161811,7.507644994575458e-08,33026.015748031496,0.001099239569157362,0.023975763469934464,0.04368490353226662
58,model.middle_block.0.cond_emb_layers.1,262144,-0.6809754371643066,0.5984969139099121,1.2794723510742188,-0.003094916930422187,0.10028939694166183,0.48114627909704444,0.00503729272076464,0.050227570155243796,0.34733411681618115,1.5252498997142538e-07,33026.015748031496,0.0027441622223705053,0.02755882404744625,0.04990776628255844
59,model.middle_block.0.out_layers.3,2359296,-0.9330735206604004,0.94484543800354,1.8779189586639404,-0.0010939716594293714,0.07634193450212479,0.9544932264538688,0.007393381727023388,0.0968456166999641,0.3473341168161811,2.2386538489627128e-07,33026.015748031496,0.0033874325454235077,0.04429440200328827,0.09518912434577942
60,model.middle_block.2.in_layers.2,2359296,-0.7305209040641785,0.6274434328079224,1.3579643368721008,-0.0020031591411679983,0.08158138394355774,0.08919162718019269,0.005346316286898035,0.0655335326320446,0.3473341168161811,1.6188196383382092e-07,33026.015748031496,0.002607496455311775,0.032082147896289825,0.06845853477716446
61,model.middle_block.2.emb_layers.1,524288,-0.34760695695877075,0.2906367778778076,0.6382437348365784,-0.0009210336720570922,0.04682149738073349,0.8651208962687065,0.002512770609592828,0.053667027970214755,0.3473341168161811,7.608458219010572e-08,33026.015748031496,0.0011027739383280277,0.02403489127755165,0.03977596387267113
62,model.middle_block.2.cond_emb_layers.1,262144,-0.6777521371841431,0.498950719833374,1.176702857017517,-0.0009207973489537835,0.09584859013557434,0.5236275216144399,0.0046326884134547915,0.04833340174178555,0.3473341168161811,1.4027391159743274e-07,33026.015748031496,0.0025918493047356606,0.027240317314863205,0.04566310718655586
63,model.middle_block.2.out_layers.3,2359296,-0.9621927738189697,0.6091492176055908,1.5713419914245605,-0.0011130705242976546,0.07665053755044937,0.3097400466905822,0.006186385793010081,0.08070896813812499,0.3473341168161811,1.8731856243903167e-07,33026.015748031496,0.002752554602921009,0.035899147391319275,0.0920955240726471
64,model.output_blocks.0.0.in_layers.2,4718592,-0.8408308625221252,0.6137296557426453,1.4545605182647705,-0.0011163422605022788,0.07823792845010757,0.09636699442365027,0.0057266162136408285,0.07319488548600189,0.3473341168161811,1.7339712599095947e-07,33026.015748031496,0.0026521803811192513,0.03396492078900337,0.08273975551128387
65,model.output_blocks.0.0.emb_layers.1,524288,-0.3405754566192627,0.3548376262187958,0.6954130828380585,-0.0010991523740813136,0.050349075347185135,1.8801811159730208,0.002737846782827002,0.0543773001568278,0.3473341168161811,8.289969954944354e-08,33026.015748031496,0.0011726567754521966,0.02416311763226986,0.03663646802306175
66,model.output_blocks.0.0.cond_emb_layers.1,262144,-0.5887436270713806,0.5668906569480896,1.1556342840194702,-0.0023417144548147917,0.10203073173761368,0.5210242504538329,0.004549741275667206,0.04459187146989116,0.3473341168161811,1.377623419784868e-07,33026.015748031496,0.002744954079389572,0.02713540568947792,0.03830915689468384
67,model.output_blocks.0.0.out_layers.3,2359296,-0.8618592619895935,0.6857069134712219,1.5475661754608154,-0.0013837652513757348,0.08473964780569077,0.33822000815139486,0.006092780218349667,0.07189999458398269,0.3473341168161811,1.844842643095035e-07,33026.015748031496,0.003198835765942931,0.037741534411907196,0.07803041487932205
68,model.output_blocks.1.0.in_layers.2,4718592,-0.8543577194213867,0.646056056022644,1.5004137754440308,-0.0014533869689330459,0.0792100802063942,0.14229154746156425,0.005907140848204846,0.07457562008191754,0.3473341168161811,1.7886326020288834e-07,33026.015748031496,0.0027756786439567804,0.035208508372306824,0.0894017219543457
69,model.output_blocks.1.0.emb_layers.1,524288,-0.33253753185272217,0.36090511083602905,0.6934426426887512,-0.00097676704172045,0.05511278659105301,2.700376292966215,0.0027300891444439024,0.04953640186354808,0.3473341168161811,8.266480477914229e-08,33026.015748031496,0.0012306631542742252,0.023608805611729622,0.04832879826426506
70,model.output_blocks.1.0.cond_emb_layers.1,262144,-0.5732492804527283,0.6122986078262329,1.1855478882789612,-0.008788269013166428,0.11307919025421143,0.40477344063647536,0.004667511371177013,0.041276483857399245,0.3473341168161811,1.4132832149016394e-07,33026.015748031496,0.00308695575222373,0.02750461921095848,0.03835548087954521
71,model.output_blocks.1.0.out_layers.3,2359296,-1.0015485286712646,1.080371618270874,2.0819201469421387,-0.0013235558290034533,0.09190496057271957,0.9105737363438471,0.008196536011583223,0.0891849140722774,0.3473341168161811,2.4818422161843046e-07,33026.015748031496,0.003890112740918994,0.04224230349063873,0.08880086988210678
72,model.output_blocks.2.0.in_layers.2,4128768,-1.135127067565918,0.7182517051696777,1.8533787727355957,-0.001465805689804256,0.08118895441293716,0.30437044102256605,0.007296766821793684,0.0898738858563388,0.3473341168161811,2.2093996676630923e-07,33026.015748031496,0.0031050038523972034,0.0383945070207119,0.11412558704614639
73,model.output_blocks.2.0.emb_layers.1,524288,-0.40204930305480957,0.33071836829185486,0.7327676713466644,-0.001451941323466599,0.05336512625217438,1.1077425384477797,0.0028849120919160016,0.05405987569914904,0.3473341168161811,8.735271350701623e-08,33026.015748031496,0.0011571788927540183,0.022672895342111588,0.035720404237508774
74,model.output_blocks.2.0.cond_emb_layers.1,262144,-0.655369758605957,0.5744858980178833,1.2298556566238403,-0.00735580874606967,0.1110321432352066,0.4523061690697565,0.0048419514040308675,0.043608555711027196,0.3473341168161811,1.4661021907613758e-07,33026.015748031496,0.003069313708692789,0.027860471978783607,0.04773285612463951
75,model.output_blocks.2.0.out_layers.3,2359296,-1.152252197265625,0.7983933091163635,1.9506455063819885,-0.0018503088504076004,0.09074357897043228,0.8160756894739025,0.007679706718039325,0.08463085548407821,0.3473341168161811,2.3253506498122078e-07,33026.015748031496,0.0037708717864006758,0.0415312722325325,0.09307137876749039
76,model.output_blocks.2.1.in_layers.2,2359296,-0.8885055780410767,0.766602635383606,1.6551082134246826,-0.002275018487125635,0.08117347210645676,0.5324033545658309,0.006516174068601113,0.0802746747111551,0.3473341168161811,1.9730427425201924e-07,33026.015748031496,0.0029751360416412354,0.03761469945311546,0.10271366685628891
77,model.output_blocks.2.1.emb_layers.1,524288,-0.38527193665504456,0.3529606759548187,0.7382326126098633,-0.0008685258217155933,0.05038529634475708,2.0044374089059342,0.002906427608700249,0.05768404315329581,0.3473341168161811,8.800418527243892e-08,33026.015748031496,0.0011419417569413781,0.023687580600380898,0.04630700871348381
78,model.output_blocks.2.1.cond_emb_layers.1,262144,-0.6441081762313843,0.733008086681366,1.3771162629127502,-0.008760423399508,0.11381033807992935,0.43337058154522223,0.005421717570522639,0.047638181749950624,0.3473341168161811,1.6416505133065584e-07,33026.015748031496,0.003138915402814746,0.027776706963777542,0.04254166781902313
79,model.output_blocks.2.1.out_layers.3,2359296,-1.0368459224700928,0.9593654870986938,1.9962114095687866,-0.0018474799580872059,0.09808339178562164,1.8562466748248232,0.007859100037672389,0.08012671558880932,0.3473341168161811,2.3796694392785867e-07,33026.015748031496,0.0043035950511693954,0.0437551811337471,0.09039020538330078
80,model.output_blocks.3.0.in_layers.2,3096576,-0.9809157848358154,0.9859814047813416,1.966897189617157,-0.0016589940059930086,0.07883688807487488,0.7036734862820264,0.007743689722902193,0.0982241931651265,0.3473341168161811,2.3447241659368956e-07,33026.015748031496,0.003268362022936344,0.042438119649887085,0.09565451741218567
81,model.output_blocks.3.0.emb_layers.1,393216,-0.3666263520717621,0.46646901965141296,0.833095371723175,-0.00109680590685457,0.05021120235323906,2.370277427776836,0.003279903038280217,0.06532213698330831,0.3473341168161811,9.931270739116371e-08,33026.015748031496,0.0011139261769130826,0.024036072194576263,0.05075173079967499
82,model.output_blocks.3.0.cond_emb_layers.1,196608,-0.6064490675926208,0.5822479724884033,1.1886970400810242,-0.006451392080634832,0.10868891328573227,0.5986137228506978,0.004679909606618206,0.043057837870474736,0.3473341168161811,1.4170372963917544e-07,33026.015748031496,0.0030106594786047935,0.02812798134982586,0.05192452669143677
83,model.output_blocks.3.0.out_layers.3,1327104,-0.973737359046936,1.069982886314392,2.043720245361328,-0.002122625708580017,0.10860253125429153,1.6292627275710831,0.008046142698272946,0.07408798492328793,0.3473341168161811,2.4363043849007227e-07,33026.015748031496,0.004430817905813456,0.040768932551145554,0.076144739985466
84,model.output_blocks.4.0.in_layers.2,2654208,-1.5584633350372314,1.1652284860610962,2.7236918210983276,-0.0018512451788410544,0.08079742640256882,1.0453487133427606,0.010723196146056407,0.13271705081911822,0.34733411681618115,3.246893669484052e-07,33026.015748031496,0.003673658473417163,0.04573260247707367,0.1462869644165039
85,model.output_blocks.4.0.emb_layers.1,393216,-0.726597011089325,0.5980768799781799,1.3246738910675049,-0.0014897189103066921,0.05096026137471199,2.3073201168413817,0.005215251539635846,0.10233957595283197,0.3473341168161811,1.5791343344062625e-07,33026.015748031496,0.0011674532433971763,0.02435600757598877,0.048126425594091415
86,model.output_blocks.4.0.cond_emb_layers.1,196608,-0.6110154390335083,0.5382370352745056,1.149252474308014,-0.004804774187505245,0.10727807134389877,0.6662595447115791,0.004524616040582732,0.042176522973051044,0.3473341168161811,1.3700157097673582e-07,33026.015748031496,0.0029600840061903,0.02802092581987381,0.04439559951424599
87,model.output_blocks.4.0.out_layers.3,1327104,-1.1639944314956665,1.176487922668457,2.3404823541641235,-0.0018750032177194953,0.10486787557601929,2.445518482785684,0.00921449745733907,0.08786768499540704,0.3473341168161811,2.7900723864604515e-07,33026.015748031496,0.004355203825980425,0.04133618250489235,0.07091500610113144
88,model.output_blocks.5.0.in_layers.2,2211840,-1.44717276096344,0.8355886340141296,2.2827613949775696,-0.0018058144487440586,0.08224181830883026,1.3214526740033161,0.008987249586525865,0.10927834246889007,0.3473341168161811,2.721263641092264e-07,33026.015748031496,0.003717913059517741,0.04530388116836548,0.1403498649597168
89,model.output_blocks.5.0.emb_layers.1,393216,-0.49994799494743347,0.487566739320755,0.9875147342681885,-0.0014743190258741379,0.05069751292467117,1.1515873883391627,0.003887853284520427,0.07668725860813924,0.3473341168161811,1.1772092989303928e-07,33026.015748031496,0.0011819953797385097,0.024122243747115135,0.05006302893161774
90,model.output_blocks.5.0.cond_emb_layers.1,196608,-0.557339072227478,0.547311544418335,1.104650616645813,-0.0051710354164242744,0.10238063335418701,0.6745245129112285,0.004349018175770917,0.04247891454903349,0.3473341168161811,1.3168461521217978e-07,33026.015748031496,0.00282699684612453,0.028046155348420143,0.0458323210477829
91,model.output_blocks.5.0.out_layers.3,1327104,-1.124864101409912,0.941749632358551,2.066613733768463,-0.0017275572754442692,0.08989445865154266,1.1166851768378008,0.008136274542395525,0.09050918893503332,0.3473341168161811,2.463595549784259e-07,33026.0157480315,0.003454014891758561,0.03837473317980766,0.10026649385690689
92,model.output_blocks.5.2.in_layers.2,1327104,-1.0259029865264893,0.6874967217445374,1.7133997082710266,-0.003247844288125634,0.08684948086738586,0.5790165044566091,0.006745668142799317,0.07767079406061035,0.3473341168161811,2.0425316193950493e-07,33026.015748031496,0.0031538819894194603,0.03642480447888374,0.09469757229089737
93,model.output_blocks.5.2.emb_layers.1,393216,-0.39133530855178833,0.36542484164237976,0.7567601501941681,-0.0015436079120263457,0.05263660475611687,0.5957548078995294,0.00297937067005578,0.05660263772337912,0.3473341168161811,9.021283986498929e-08,33026.015748031496,0.0011822516098618507,0.023271216079592705,0.05298636853694916
94,model.output_blocks.5.2.cond_emb_layers.1,196608,-0.6327146887779236,0.6091206669807434,1.241835355758667,-0.003334871493279934,0.10839419811964035,0.708997049913044,0.004889115573853019,0.04510495634103535,0.34733411681618115,1.4803831049903238e-07,33026.015748031496,0.003039466217160225,0.028441665694117546,0.04614901542663574
95,model.output_blocks.5.2.out_layers.3,1327104,-1.5375481843948364,1.9330719709396362,3.4706201553344727,-0.0020876070484519005,0.10006649792194366,1.1720660806918328,0.013663858879269578,0.1365477873502823,0.3473341168161811,4.1373016301804455e-07,33026.015748031496,0.0037186797708272934,0.03712920472025871,0.11005350202322006
96,model.output_blocks.6.0.in_layers.2,1474560,-1.6391421556472778,1.260230541229248,2.899372696876526,-0.0016741192666813731,0.08487808704376221,1.1328777301348003,0.011414853137309156,0.13448527805874438,0.34733411681618115,3.456321593375833e-07,33026.015748031496,0.0037800739519298077,0.04463393986225128,0.1583983302116394
97,model.output_blocks.6.0.emb_layers.1,262144,-0.584257960319519,0.499991774559021,1.08424973487854,-0.0016314659733325243,0.052675772458314896,2.4912705933680135,0.0042686997436162995,0.0810372500358359,0.3473341168161811,1.2925264059049368e-07,33026.015748031496,0.0012721478706225753,0.02513054572045803,0.048004116863012314
98,model.output_blocks.6.0.cond_emb_layers.1,131072,-0.6616600751876831,0.5906652808189392,1.2523253560066223,-0.004992606583982706,0.09677283465862274,0.9206395982876878,0.004930414787427647,0.05094833487899059,0.3473341168161811,1.4928881597597865e-07,33026.015748031496,0.0027111023664474487,0.028464877977967262,0.04404359683394432
99,model.output_blocks.6.0.out_layers.3,589824,-2.0948843955993652,2.6332597732543945,4.72814416885376,-0.0026827051769942045,0.10915664583444595,3.9670776018283656,0.018614740822258898,0.17053236364848262,0.3473341168161811,5.636387072627258e-07,33026.015748031496,0.005192562937736511,0.04744892194867134,0.1508186161518097
100,model.output_blocks.7.0.in_layers.2,1179648,-1.4451624155044556,0.8722262978553772,2.3173887133598328,-0.0013455479638651013,0.08399290591478348,2.417889999464358,0.009123577611652885,0.10862319278250418,0.3473341168161811,2.762542621326247e-07,33026.015748031496,0.004291224759072065,0.05103886500000954,0.1375298798084259
101,model.output_blocks.7.0.emb_layers.1,262144,-0.4278220236301422,0.4548298120498657,0.8826518356800079,-0.0015178994508460164,0.049707964062690735,2.3458959939154385,0.0034750072270866455,0.06990846019430859,0.3473341168161811,1.0522029825210666e-07,33026.015748031496,0.0012277220375835896,0.02582794614136219,0.054725490510463715
102,model.output_blocks.7.0.cond_emb_layers.1,131072,-0.5533987879753113,0.5973793268203735,1.1507781147956848,-0.004939027596265078,0.09313962608575821,1.008248571385085,0.004530622499195609,0.04864333999983422,0.34733411681618115,1.3718344149538098e-07,33026.015748031496,0.0025974013842642307,0.02836993709206581,0.04099206626415253
103,model.output_blocks.7.0.out_layers.3,589824,-1.4090931415557861,1.4425395727157593,2.8516327142715454,-0.002239885739982128,0.09572228044271469,2.4603897015809535,0.011226900449887974,0.11728617828416094,0.3473341168161811,3.399411099280769e-07,33026.015748031496,0.00423298217356205,0.04424899443984032,0.11745585501194
104,model.output_blocks.8.0.in_layers.2,884736,-1.7520675659179688,0.9497987031936646,2.7018662691116333,-0.0018415882950648665,0.08598988503217697,3.625246371140065,0.010637268776030053,0.12370372133799153,0.3473341168161811,3.2208755840201775e-07,33026.015748031496,0.004371331073343754,0.050882868468761444,0.17270825803279877
105,model.output_blocks.8.0.emb_layers.1,262144,-0.48553526401519775,0.34615638852119446,0.8316916525363922,-0.0015756187494844198,0.04702243208885193,1.874534240447045,0.003274376584788946,0.06963435193084366,0.3473341168161811,9.914537102417853e-08,33026.015748031496,0.0011806621914729476,0.026298947632312775,0.06764595210552216
106,model.output_blocks.8.0.cond_emb_layers.1,131072,-0.5990394949913025,0.5690166354179382,1.1680561304092407,-0.0055997190065681934,0.08806565403938293,1.2742237053276204,0.004598646182713546,0.05221838448624721,0.3473341168161811,1.3924314146152028e-07,33026.015748031496,0.002424411242827773,0.02808324061334133,0.04168281704187393
107,model.output_blocks.8.0.out_layers.3,589824,-1.4737272262573242,2.0554871559143066,3.529214382171631,-0.0009671853040345013,0.08376193791627884,2.818344219161923,0.013894544811699334,0.16588136756603258,0.3473341168161811,4.207151391710795e-07,33026.015748031496,0.0036332763265818357,0.0434858612716198,0.17464211583137512
108,model.output_blocks.8.1.in_layers.2,589824,-1.4316779375076294,0.7662228345870972,2.1979007720947266,-0.003854745766147971,0.08822305500507355,1.3530275166200463,0.008653152646042231,0.09808266836198906,0.3473341168161811,2.6201018954452593e-07,33026.015748031496,0.003253385191783309,0.03732910752296448,0.1438872069120407
109,model.output_blocks.8.1.emb_layers.1,262144,-0.4913693964481354,0.4259946644306183,0.9173640608787537,-0.001512090559117496,0.05200503021478653,2.0103695450324253,0.003611669531018715,0.0694484651971679,0.3473341168161811,1.0935831795677586e-07,33026.015748031496,0.0012685514520853758,0.026228372007608414,0.075211301445961
110,model.output_blocks.8.1.cond_emb_layers.1,131072,-0.8904799222946167,0.749278724193573,1.6397586464881897,-0.002320539904758334,0.10411655902862549,1.3662225136674957,0.0064557427027094084,0.062004956395768716,0.3473341168161811,1.9547446328260776e-07,33026.015748031496,0.0029133514035493135,0.028655625879764557,0.057038236409425735
111,model.output_blocks.8.1.out_layers.3,589824,-1.3023524284362793,1.054688572883606,2.3570410013198853,-0.0030373791232705116,0.10684353113174438,1.0530334914757455,0.00927968898157435,0.08685307274284199,0.34733411681618115,2.8098118320940557e-07,33026.015748031496,0.004150452557951212,0.039255935698747635,0.10714634507894516
112,model.output_blocks.9.0.in_layers.2,442368,-1.340970516204834,0.7570347785949707,2.0980052947998047,-0.002905243542045355,0.08835038542747498,2.695178414114509,0.008259863365353563,0.09348983963449062,0.3473341168161811,2.501017206668621e-07,33026.0157480315,0.004699131473898888,0.05330275744199753,0.11852288991212845
113,model.output_blocks.9.0.emb_layers.1,131072,-0.4999982416629791,0.25116512179374695,0.7511633634567261,-0.0021784731652587652,0.04498624429106712,1.0253744379999175,0.0029573360766012836,0.06573867463576595,0.34733411681618115,8.95456508942516e-08,33026.015748031496,0.0011374640744179487,0.02702210657298565,0.061488885432481766
114,model.output_blocks.9.0.cond_emb_layers.1,65536,-0.5454072952270508,0.5456658601760864,1.0910731554031372,-0.0009986474178731441,0.08695773780345917,1.137112932425123,0.004295563603949359,0.049398290622609586,0.3473341168161811,1.3006605570353713e-07,33026.015748031496,0.0023833876475691795,0.027848968282341957,0.04137611761689186
115,model.output_blocks.9.0.out_layers.3,147456,-1.4410514831542969,1.2721515893936157,2.7132030725479126,-0.0011705304495990276,0.11651575565338135,3.3225610067940865,0.010681901860424853,0.0916777460733327,0.3473341168161811,3.2343901068543346e-07,33026.015748031496,0.005086333490908146,0.04414500296115875,0.09813902527093887
116,model.output_blocks.10.0.in_layers.2,294912,-1.0941778421401978,0.8078141808509827,1.9019920229911804,-0.0018962323665618896,0.08611121773719788,3.7857957080919196,0.007488157570831419,0.08695914153249472,0.3473341168161811,2.2673511779203182e-07,33026.015748031496,0.0045130932703614235,0.05245497077703476,0.09978873282670975
117,model.output_blocks.10.0.emb_layers.1,131072,-0.3675483167171478,0.3375910818576813,0.7051393985748291,-0.0018148204544559121,0.04727746918797493,1.3940131006370757,0.0027761393644678313,0.05872013481456036,0.3473341168161811,8.405916673837055e-08,33026.015748031496,0.0012525282800197601,0.028235387057065964,0.06384109705686569
118,model.output_blocks.10.0.cond_emb_layers.1,65536,-0.8997902274131775,0.6986059546470642,1.5983961820602417,-0.002198023023083806,0.08541300892829895,2.0339029642330475,0.006292898354567881,0.0736761113260494,0.3473341168161811,1.9054367328408262e-07,33026.015748031496,0.0023388841655105352,0.02799679897725582,0.038506943732500076
119,model.output_blocks.10.0.out_layers.3,147456,-0.8448148965835571,0.8421510457992554,1.6869659423828125,-0.0014300539623945951,0.08659698069095612,3.2551400583748977,0.0066415981983575295,0.07669549383001131,0.3473341168161811,2.0110201148781925e-07,33026.015748031496,0.0038517506327480078,0.04523685574531555,0.07811184227466583
120,model.output_blocks.11.0.in_layers.2,294912,-1.233501672744751,0.950204074382782,2.183705747127533,-0.0021642502397298813,0.08468282967805862,5.915358948159888,0.00859726672097454,0.1015231393844244,0.3473341168161811,2.603180107030312e-07,33026.015748031496,0.004890703596174717,0.05773816257715225,0.10780748724937439
121,model.output_blocks.11.0.emb_layers.1,131072,-0.5075839757919312,0.42187875509262085,0.929462730884552,-0.0009675680776126683,0.052817679941654205,2.371894088416794,0.0036593020900966616,0.06928176500879402,0.3473341168161811,1.1080059181267643e-07,33026.015748031496,0.0015519794542342424,0.030790552496910095,0.05874330922961235
122,model.output_blocks.11.0.cond_emb_layers.1,65536,-0.4737643599510193,0.5410882830619812,1.0148526430130005,-0.0007914389716461301,0.07944764941930771,1.3492208270448547,0.003995482846507876,0.05029076222721557,0.3473341168161811,1.2097986257231241e-07,33026.015748031496,0.002132175723090768,0.027803804725408554,0.041556328535079956
123,model.output_blocks.11.0.out_layers.3,147456,-1.0821356773376465,0.8878657817840576,1.970001459121704,0.0010545807890594006,0.07413038611412048,6.605208391153271,0.007755911256384662,0.10462526452162478,0.3473341168161811,2.3484247435590078e-07,33026.015748031496,0.003581227269023657,0.04915629327297211,0.09249547123908997
124,model.output_blocks.11.1.in_layers.2,147456,-1.2142157554626465,0.6527066230773926,1.866922378540039,-0.002296617953106761,0.08279605954885483,2.3496482042347813,0.007350088104488343,0.08877340473024033,0.3473341168161811,2.2255449039221276e-07,33026.015748031496,0.0030556602869182825,0.03712601587176323,0.09809718281030655
125,model.output_blocks.11.1.emb_layers.1,131072,-0.6817817091941833,0.35097911953926086,1.0327608287334442,-0.0008027202566154301,0.04967799410223961,2.2918460136545242,0.004065987514698599,0.08184685368432473,0.34733411681618115,1.2311468466918996e-07,33026.015748031496,0.001349516911432147,0.029057303443551064,0.07012858986854553
126,model.output_blocks.11.1.cond_emb_layers.1,65536,-0.6538239121437073,0.9955906271934509,1.6494145393371582,0.0013593336334452033,0.09589560329914093,2.7094840972240046,0.006493758028886449,0.06771695265904756,0.3473341168161811,1.9662553540911176e-07,33026.015748031496,0.0026565599255263805,0.02881910838186741,0.040387485176324844
127,model.output_blocks.11.1.out_layers.3,147456,-1.6146106719970703,0.8594681024551392,2.4740787744522095,-0.001955307088792324,0.09427645057439804,4.9798799941346745,0.00974046761595358,0.10331814102572301,0.3473341168161811,2.9493317299511546e-07,33026.015748031496,0.004085765220224857,0.04422178119421005,0.15119090676307678
128,model.output_blocks.12.0.in_layers.2,294912,-1.935058832168579,0.9660207629203796,2.9010795950889587,-0.0023249201476573944,0.08102550357580185,9.832512573189653,0.011421573209011649,0.14096269328564498,0.3473341168161811,3.458356374608229e-07,33026.015748031496,0.0052536046132445335,0.06538697332143784,0.2012007087469101
129,model.output_blocks.12.0.emb_layers.1,131072,-0.49998563528060913,0.6537101864814758,1.153695821762085,-0.0008205490885302424,0.05355118587613106,2.037447628067225,0.0045421095344963976,0.08481809431667689,0.3473341168161811,1.375312592699629e-07,33026.015748031496,0.0014568227343261242,0.028932299464941025,0.07514695078134537
130,model.output_blocks.12.0.cond_emb_layers.1,65536,-0.6371212601661682,0.6736382842063904,1.3107595443725586,0.005881751887500286,0.09507443010807037,1.7617196966348185,0.005160470647136058,0.05427821803628917,0.3473341168161811,1.5625471405655844e-07,33026.015748031496,0.002634963486343622,0.028766488656401634,0.049033861607313156
131,model.output_blocks.12.0.out_layers.3,147456,-3.5195372104644775,1.4681123495101929,4.98764955997467,-0.0005267784581519663,0.07545315474271774,80.27438056692972,0.01963641559045146,0.2602464490338145,0.3473341168161811,5.945741605728472e-07,33026.015748031496,0.00447434838861227,0.058550287038087845,0.19482405483722687
132,model.output_blocks.13.0.in_layers.2,294912,-1.6715880632400513,1.175818681716919,2.84740674495697,-0.0009102088515646756,0.07973019033670425,13.527239908881619,0.011210262775421143,0.14060248355032245,0.3473341168161811,3.39437335128423e-07,33026.015748031496,0.00554086547344923,0.06991367042064667,0.17169299721717834
133,model.output_blocks.13.0.emb_layers.1,131072,-0.601791501045227,0.5013495683670044,1.1031410694122314,5.955931555945426e-06,0.04889625310897827,2.8771879051267373,0.004343075076426108,0.08882224710874248,0.34733411681618115,1.3150466315892118e-07,33026.015748031496,0.0013772179372608662,0.02968330681324005,0.0573226697742939
134,model.output_blocks.13.0.cond_emb_layers.1,65536,-0.6857870221138,0.5926397442817688,1.2784267663955688,0.004106756299734116,0.08221762627363205,2.5132374661267782,0.0050331762456518455,0.06121772755685618,0.34733411681618115,1.5240034656471835e-07,33026.015748031496,0.002451476873829961,0.03242126479744911,0.07229854166507721
135,model.output_blocks.13.0.out_layers.3,147456,-2.49249529838562,2.3725781440734863,4.8650734424591064,-0.0005000888486392796,0.09518349170684814,25.247021486358683,0.019153832450626403,0.2012306137015471,0.3473341168161811,5.799619486879237e-07,33026.015748031496,0.005211706273257732,0.054393161088228226,0.12394580990076065
136,model.output_blocks.14.0.in_layers.2,294912,-1.1158195734024048,1.1735585927963257,2.2893781661987305,-0.0003170423733536154,0.07243930548429489,6.717121686463058,0.009013299866924136,0.12442554227350822,0.3473341168161811,2.7291514470562106e-07,33026.015748031496,0.0039885337464511395,0.055547259747982025,0.12659278512001038
137,model.output_blocks.14.0.emb_layers.1,131072,-0.7104029059410095,0.9625040888786316,1.6729069948196411,-0.00025000207824632525,0.04696916043758392,13.018408284242469,0.006586248011100949,0.14022494653088416,0.3473341168161811,1.994260543369819e-07,33026.015748031496,0.0016833668341860175,0.03630536049604416,0.09896256029605865
138,model.output_blocks.14.0.cond_emb_layers.1,65536,-0.8080998659133911,1.0914769172668457,1.8995767831802368,-0.0025369555223733187,0.07115652412176132,9.328452429684953,0.007478648752678098,0.10510137819233151,0.3473341168161811,2.2644719877007446e-07,33026.015748031496,0.0022457099985331297,0.03473817557096481,0.08430445939302444
139,model.output_blocks.14.0.out_layers.3,147456,-0.9980140924453735,1.0286612510681152,2.0266753435134888,-0.001334985252469778,0.10181763768196106,4.811718885442178,0.007979036785486176,0.07836595865965026,0.3473341168161811,2.4159852785032854e-07,33026.015748031496,0.004074178636074066,0.04400576651096344,0.16048213839530945
