idx,layer_name,numel,residual_mean,residual_std,residual_abs_max,residual_MAE,residual_RMSE,residual_rel_L2,residual_q99_abs,residual_q999_abs,w_lora_mean,w_lora_std,w_lora_q_mean,w_lora_q_std,ks_distance
0,model.input_blocks.1.0.in_layers.2,147456,-1.597023242538853e-07,0.001115730730816722,0.005722224712371826,0.0008881025714799762,0.001115730730816722,0.013257427341444718,0.0031596500426530846,0.00499672111123802,-0.0020720099564641714,0.08413340151309967,-0.0020721699111163616,0.08414307981729507,0.010589999999999988
1,model.input_blocks.1.0.emb_layers.1,131072,-2.086852191496291e-06,0.00042751646833494306,0.0020747692324221134,0.00032674046815373003,0.000427521561505273,0.010451495038823977,0.0013033759803511174,0.0018086143219843511,-0.0009991537081077695,0.04089309647679329,-0.0010012405691668391,0.04089505970478058,0.00935000000000008
2,model.input_blocks.1.0.cond_emb_layers.1,65536,2.2392621303879423e-06,0.0007747340714558959,0.003620913252234459,0.0006089749513193965,0.0007747373310849071,0.009895708774710013,0.0022350527346134187,0.003400184726342534,-0.006932963151484728,0.07798265665769577,-0.006930723320692778,0.07798831164836884,0.007171630859375
3,model.input_blocks.1.0.out_layers.3,147456,-1.5551707122085645e-07,0.0012575811706483364,0.00768554862588644,0.0009665138204582036,0.0012575811706483364,0.014204999636718018,0.003614813461899758,0.00681743043940516,-0.0010409136302769184,0.08852477371692657,-0.001041069277562201,0.08853387087583542,0.01651999999999998
4,model.input_blocks.2.0.in_layers.2,147456,-7.697696673858445e-06,0.0013369140215218067,0.0047311969101428986,0.0011105681769549847,0.0013369361404329538,0.015417987534815814,0.003290417604148401,0.004178626276552687,-0.0023912566248327494,0.08667978644371033,-0.00239895423874259,0.08669230341911316,0.014209999999999945
5,model.input_blocks.2.0.emb_layers.1,131072,-6.165348622744204e-07,0.0004413776332512498,0.001900412142276764,0.0003545630315784365,0.0004413780407048762,0.009937739357083582,0.001170911984518167,0.0016152043896727343,-0.0009155194275081158,0.04440489411354065,-0.0009161360212601721,0.04440828785300255,0.008789999999999965
6,model.input_blocks.2.0.cond_emb_layers.1,65536,1.959700284714927e-06,0.0008062634733505547,0.0022314414381980896,0.0006708045257255435,0.0008062658598646522,0.010701486394551433,0.0018500471487641337,0.0020786991901695657,-0.0013610447058454156,0.07532918453216553,-0.0013590850867331028,0.07533389329910278,0.008544921875
7,model.input_blocks.2.0.out_layers.3,147456,-1.5152602372836554e-07,0.000982179306447506,0.0029691606760025024,0.0008162719896063209,0.0009821794228628278,0.012386607008290319,0.002295754570513965,0.002793935821391663,-0.0010359794832766056,0.07928690314292908,-0.001036131172440946,0.07928956300020218,0.011699999999999988
8,model.input_blocks.3.0.in_layers.2,147456,-3.0948694984545e-06,0.0013452930143103004,0.00554482638835907,0.0010827952064573765,0.001345296623185277,0.015599508407333526,0.003659838065505039,0.004920596536248967,-0.00217684474773705,0.08621221035718918,-0.0021799395326524973,0.08621963858604431,0.01323000000000002
9,model.input_blocks.3.0.emb_layers.1,131072,-2.0123857211729046e-06,0.00042581328307278454,0.002620931714773178,0.00033526262268424034,0.000425818026997149,0.009330642072526932,0.0011993856169283388,0.002065841668285459,-0.0008026838186196983,0.04562945291399956,-0.0008046961738727987,0.045629825443029404,0.006780000000000008
10,model.input_blocks.3.0.cond_emb_layers.1,65536,-1.4433379647016409e-06,0.0006885682232677937,0.002521693706512451,0.0005624625482596457,0.0006885697366669774,0.008463509530784738,0.0017196930944919603,0.0022406151145696477,-0.0078039271757006645,0.08098232001066208,-0.0078053707256913185,0.08098463714122772,0.0060272216796875
11,model.input_blocks.3.0.out_layers.3,147456,-2.0173504253762076e-06,0.0011166143231093884,0.004232440143823624,0.000905949214939028,0.0011166161857545376,0.01440305905250918,0.0029371738433837946,0.0036780224926769916,-2.8366946935420856e-05,0.07752631604671478,-3.038428258150816e-05,0.07753843069076538,0.013500000000000012
12,model.input_blocks.4.0.in_layers.2,147456,-1.438647700524598e-06,0.0013618564698845148,0.006181000731885433,0.0011214244877919555,0.0013618572847917676,0.015458122641771122,0.0032916327938437486,0.005398023920133732,-0.0034101521596312523,0.0880337506532669,-0.0034115901216864586,0.08804713934659958,0.012969999999999982
13,model.input_blocks.4.0.emb_layers.1,131072,2.053909383903374e-06,0.0004142223915550858,0.0016392804682254791,0.00033698976039886475,0.0004142274847254157,0.008833715497636008,0.0010776192881166923,0.001418392595835032,-0.0015060019213706255,0.04686746001243591,-0.001503947889432311,0.046869538724422455,0.006970000000000032
14,model.input_blocks.4.0.cond_emb_layers.1,65536,-1.4267495771491667e-06,0.0006790945772081614,0.002347998321056366,0.0005642566247843206,0.0006790960323996842,0.008340881614882096,0.0016609221696853647,0.0021748570352792735,-0.00395929254591465,0.08132144063711166,-0.003960719332098961,0.08132676035165787,0.0064697265625
15,model.input_blocks.4.0.out_layers.3,147456,1.6698787703717244e-06,0.0008897245861589909,0.002755429595708847,0.0007349285297095776,0.0008897262159734964,0.012584000368263137,0.0021453823894262334,0.002545390799641623,-0.000786379911005497,0.07069858908653259,-0.0007847099332138896,0.07070234417915344,0.011819999999999997
16,model.input_blocks.5.0.in_layers.2,147456,-2.9349585020099767e-06,0.0014483435079455376,0.005312593653798103,0.0011988584883511066,0.0014483464183285832,0.016971378654259392,0.0035547107690945294,0.004904267229139812,-0.0017049390589818358,0.0853235125541687,-0.0017078738892450929,0.08533929288387299,0.014739999999999975
17,model.input_blocks.5.0.emb_layers.1,131072,5.223860739533848e-07,0.0003970539546571672,0.0014492496848106384,0.0003246492415200919,0.0003970543039031327,0.008249406278746433,0.0010289832204580305,0.0012850176526699223,-0.00046780912089161575,0.04812898859381676,-0.0004672867653425783,0.04813047870993614,0.005919999999999981
18,model.input_blocks.5.0.cond_emb_layers.1,65536,-3.6241929137759143e-06,0.000705855549313128,0.0033829808235168457,0.0005873391637578607,0.0007058648625388741,0.008389448740186807,0.001763724768534303,0.0029732847958803166,9.416013199370354e-05,0.08413716405630112,9.053597750607878e-05,0.0841367244720459,0.00634765625
19,model.input_blocks.5.0.out_layers.3,147456,-7.704102245043032e-07,0.0008079035324044526,0.002630600705742836,0.0006718660588376224,0.000807903881650418,0.011827678754585654,0.0018876140937209146,0.0024717590026557606,-0.00039149215444922447,0.06830509006977081,-0.0003922625910490751,0.06831076741218567,0.010150000000000103
20,model.input_blocks.6.0.in_layers.2,147456,6.512032086902764e-07,0.001125926268287003,0.005374804139137268,0.0009041339508257806,0.0011259265011176467,0.013378368104881522,0.003053545160219081,0.004574576485902102,-0.003098215674981475,0.08410317450761795,-0.0030975649133324623,0.0841061994433403,0.010199999999999987
21,model.input_blocks.6.0.emb_layers.1,131072,5.569580139308528e-07,0.0004080798535142094,0.001734960824251175,0.0003308182640466839,0.00040808023186400533,0.008495584953719368,0.001079873023554682,0.0015062987429555522,-0.0016983909299597144,0.048004355281591415,-0.0016978339990600944,0.04800792038440704,0.005979999999999985
22,model.input_blocks.6.0.cond_emb_layers.1,65536,1.4976510556152789e-06,0.0007960029179230332,0.0030942102894186974,0.000664154882542789,0.0007960043149068952,0.008491683813572544,0.0018160925712436442,0.0026420791260898056,-0.009156227111816406,0.0932910367846489,-0.009154729545116425,0.09329522401094437,0.005889892578125
23,model.input_blocks.6.0.out_layers.3,147456,9.070715805137297e-07,0.0010048614349216223,0.003601647913455963,0.0008173867827281356,0.0010048619005829096,0.012918199810619,0.0025690203066915294,0.0033534628525376453,0.0003511562244966626,0.07778573036193848,0.00035206321626901627,0.07778851687908173,0.011629999999999974
24,model.input_blocks.7.0.in_layers.2,294912,-6.593057264581148e-07,0.0011887784348800778,0.006144896149635315,0.0009741096291691065,0.0011887785512953997,0.013711495712812173,0.0029483303613960753,0.0046030233427882174,-0.002482181414961815,0.0866638571023941,-0.002482840558513999,0.08667469769716263,0.010409999999999975
25,model.input_blocks.7.0.emb_layers.1,262144,-9.39527780019489e-08,0.00037916412111371756,0.0017810538411140442,0.00031027907971292734,0.00037916412111371756,0.008239590149495409,0.0009680528193712237,0.001356006726622581,-0.0009914441034197807,0.04600667208433151,-0.000991538050584495,0.04600946605205536,0.006060000000000065
26,model.input_blocks.7.0.cond_emb_layers.1,131072,-1.6512794900336303e-06,0.0007524374523200095,0.003136351704597473,0.0006294028135016561,0.0007524392567574978,0.008369997484120303,0.0017724113538861263,0.0026941395848989677,-0.006366290617734194,0.08967148512601852,-0.0063679413869977,0.08967442810535431,0.006040000000000045
27,model.input_blocks.7.0.out_layers.3,589824,9.624801577956532e-07,0.0009615573799237609,0.005377765744924545,0.0007829236565157771,0.0009615578455850482,0.014492461275376596,0.002640247251838447,0.00438937808573246,-0.000926906883250922,0.06634233891963959,-0.0009259441867470741,0.06635002046823502,0.012039999999999995
28,model.input_blocks.8.0.in_layers.2,589824,-1.913735331982025e-06,0.001453211298212409,0.006169050931930542,0.0011756665771827102,0.0014532128116115928,0.01710671995703123,0.003685262631624937,0.0049477272406220655,-0.0001945408876053989,0.08494959771633148,-0.00019645462452899665,0.08496066182851791,0.013490000000000002
29,model.input_blocks.8.0.emb_layers.1,262144,-4.1958978158618265e-07,0.00036912562791258097,0.0021145492792129517,0.0002983984595630318,0.0003691258898470551,0.007525437801433613,0.0009859777987003332,0.0016530624106526348,-0.0005892989574931562,0.04904688149690628,-0.0005897184601053596,0.04904890060424805,0.005539999999999989
30,model.input_blocks.8.0.cond_emb_layers.1,131072,4.919878620057716e-07,0.0007846007938496768,0.0028332695364952087,0.0006589738768525422,0.0007846010266803205,0.008305009633508437,0.001810466786846518,0.0025276759155094825,-0.003587323473766446,0.09440507739782333,-0.003586831735447049,0.09440941363573074,0.006220000000000003
31,model.input_blocks.8.0.out_layers.3,589824,3.361135725299391e-07,0.0008763658697716892,0.004370555281639099,0.000732415122911334,0.0008763660443946719,0.013136415625831562,0.002121659973636274,0.003278552565723666,-0.0006182445795275271,0.06670985370874405,-0.0006179083720780909,0.06671435385942459,0.01146999999999998
32,model.input_blocks.9.0.in_layers.2,589824,2.2425047063734382e-06,0.0010960795916616917,0.0059166112914681435,0.0008895926875993609,0.0010960818035528064,0.013658952682063222,0.002963159009814264,0.004393017344176841,-0.0008951446507126093,0.08024141937494278,-0.000892902200575918,0.08024627715349197,0.010470000000000035
33,model.input_blocks.9.0.emb_layers.1,262144,-1.417919861523842e-06,0.00036417521187104285,0.0021473243832588196,0.0002867151633836329,0.0003641779185272753,0.007976511435392008,0.0010568765178322794,0.0014807116193696853,-0.0007696726825088263,0.04564980790019035,-0.0007710906793363392,0.04565003514289856,0.005700000000000038
34,model.input_blocks.9.0.cond_emb_layers.1,131072,1.95147595150047e-06,0.000819236331153661,0.0021524839103221893,0.0006971522234380245,0.0008192386594600976,0.008101426711470782,0.0017384890676476054,0.002006926331669096,-0.009303010068833828,0.10069394111633301,-0.009301058016717434,0.10069813579320908,0.005469999999999975
35,model.input_blocks.9.0.out_layers.3,589824,4.41442949750126e-07,0.001061542658135295,0.0033502504229545593,0.0008981212158687413,0.001061542658135295,0.012562609737875268,0.0023222175985574724,0.0028152309581637456,-0.001504055573605001,0.08448679745197296,-0.001503614243119955,0.08449538797140121,0.012260000000000049
36,model.input_blocks.10.0.in_layers.2,884736,3.8675878499816463e-07,0.0010708466870710254,0.00463443249464035,0.0008832665625959635,0.0010708466870710254,0.012926985005352084,0.002715706080198289,0.003910904754884543,-0.0027024815790355206,0.08279401063919067,-0.002702094381675124,0.08280046284198761,0.009629999999999972
37,model.input_blocks.10.0.emb_layers.1,393216,1.2562526308101951e-06,0.00034375631366856396,0.001799076795578003,0.00027903594309464097,0.0003437585837673396,0.0070493580451515105,0.0008858026936650275,0.0012053795717656575,-0.0006937974249012768,0.0487595871090889,-0.0006925412453711033,0.048760849982500076,0.005260000000000042
38,model.input_blocks.10.0.cond_emb_layers.1,196608,2.0101722384424647e-06,0.0008880304521881044,0.0024863481521606445,0.0007541636005043983,0.00088803272228688,0.008138481378201893,0.0018708481080830096,0.0022351599745452427,-0.007775871083140373,0.10883786529302597,-0.007773860823363066,0.1088470071554184,0.006170000000000009
39,model.input_blocks.10.0.out_layers.3,1327104,1.1103326187367202e-06,0.0010101123480126262,0.0029760077595710754,0.0008596151601523161,0.0010101129300892353,0.013544197422317836,0.0021647615078836677,0.002612468287348759,-0.0010954290628433228,0.07457097619771957,-0.0010943182278424501,0.07457692176103592,0.011830000000000007
40,model.input_blocks.11.0.in_layers.2,1327104,-9.145849730884947e-07,0.0009753916529007256,0.004378792829811573,0.0008067779126577079,0.0009753921185620129,0.012020621903772618,0.002445249632000922,0.003740782038308686,-0.0027164777275174856,0.08109775185585022,-0.002717390423640609,0.08110442012548447,0.008629999999999971
41,model.input_blocks.11.0.emb_layers.1,393216,-1.1102723185274499e-08,0.00032328307861462235,0.0015311315655708313,0.0002633692929521203,0.0003232830495107919,0.006877720579361364,0.000796842761337757,0.001169231422245487,-0.00027266275719739497,0.047003600746393204,-0.00027267387486062944,0.04700445756316185,0.005149999999999988
42,model.input_blocks.11.0.cond_emb_layers.1,196608,1.6721099882488488e-07,0.0008577858097851276,0.002779196947813034,0.0007295075338333845,0.0008577859262004495,0.008147225178865332,0.001822203993797302,0.002213767647743229,-0.006270626559853554,0.10509873926639557,-0.006270458921790123,0.10510246455669403,0.006310000000000038
43,model.input_blocks.11.0.out_layers.3,1327104,-6.53320796573098e-07,0.0010249607730656862,0.003653501160442829,0.000866742164362222,0.0010249610058963299,0.013168946367822822,0.0023038870468735694,0.0029753843974322197,-0.0016525036189705133,0.07781412452459335,-0.0016531578730791807,0.0778191089630127,0.01053000000000004
44,model.input_blocks.12.0.in_layers.2,1327104,-1.394795276610239e-06,0.0007997503853403032,0.002828039228916168,0.0006846474134363234,0.0007997514330781996,0.009639251874614906,0.0016128271119669078,0.002282249510288367,-0.002464579651132226,0.08293160796165466,-0.0024659743066877127,0.08293557167053223,0.006920000000000037
45,model.input_blocks.12.0.emb_layers.1,393216,-8.646033506920503e-07,0.0003223348467145115,0.0009356364607810974,0.000272809382295236,0.0003223360108677298,0.006459348846822852,0.0006660919520072637,0.0007775374781340197,-0.0006194290472194552,0.049898408353328705,-0.000620293605607003,0.04989960789680481,0.0047800000000000065
46,model.input_blocks.12.0.cond_emb_layers.1,196608,1.3470183830577298e-06,0.0008736714953556657,0.002402074635028839,0.0007473218720406294,0.000873672601301223,0.008031464943860036,0.0017882916331291195,0.0021770115550607443,-0.005286797881126404,0.10865268856287003,-0.00528545118868351,0.10865689814090729,0.005870000000000042
47,model.input_blocks.12.0.out_layers.3,1327104,-4.735574066216941e-07,0.0008614098187536001,0.002805843949317932,0.0007330857333727181,0.0008614100515842438,0.012219918254920577,0.0018464192561805245,0.00236377788335085,-0.0009935537818819284,0.07048530876636505,-0.000994027592241764,0.07048984616994858,0.008979999999999988
48,model.input_blocks.13.0.in_layers.2,1769472,-8.911475219974818e-07,0.000802003254648298,0.0033514797687530518,0.0006860102876089513,0.0008020037785172462,0.009574232316558982,0.00161057710647583,0.002465862727724067,-0.0022718855179846287,0.0837361142039299,-0.0022727763280272484,0.08373968303203583,0.006709999999999994
49,model.input_blocks.13.0.emb_layers.1,524288,-1.1236053865104623e-07,0.00033435909426771104,0.0015125907957553864,0.0002791600418277085,0.0003343591233715415,0.006629327479252516,0.0007328177243471146,0.0011115462519228365,-0.00048061879351735115,0.050434064120054245,-0.00048073113430291414,0.05043566972017288,0.004770000000000052
50,model.input_blocks.13.0.cond_emb_layers.1,262144,7.218131941044703e-07,0.0008803474484011531,0.0025123506784439087,0.0007543228566646576,0.0008803476230241358,0.007948596636031337,0.001730441972613335,0.002130050403065974,-0.006776021793484688,0.11054765433073044,-0.006775300484150648,0.11055386811494827,0.005859999999999976
51,model.input_blocks.13.0.out_layers.3,2359296,-1.111729286407126e-08,0.000969690561760217,0.003957189619541168,0.0008240442257374525,0.000969690503552556,0.012766100778707223,0.0020113627659156907,0.003170094969682435,-0.001867527374997735,0.07593531161546707,-0.0018675391329452395,0.07594054937362671,0.00945000000000007
52,model.input_blocks.14.0.in_layers.2,2359296,6.151060460979352e-08,0.000773539359215647,0.0030870544724166393,0.0006554769352078438,0.0007735391845926642,0.009814541557855215,0.0017569370567798587,0.002659041751176129,-0.0016934762243181467,0.07879745960235596,-0.0016934155719354749,0.0788017213344574,0.006869999999999932
53,model.input_blocks.14.0.emb_layers.1,524288,5.1427797131964326e-08,0.0003306843573227525,0.0015769973397254944,0.00027161993784829974,0.0003306843573227525,0.007152258038795242,0.0007808425277471545,0.0012605864480137764,-0.0004397139709908515,0.04623287916183472,-0.0004396626027300954,0.04623396322131157,0.005209999999999937
54,model.input_blocks.14.0.cond_emb_layers.1,262144,1.453534764550568e-06,0.000855203834362328,0.0023697614669799805,0.000730375584680587,0.0008552051731385291,0.008012045441981228,0.0017727124900557103,0.0020766343325376506,-0.009829546324908733,0.10628635436296463,-0.009828092530369759,0.10628508776426315,0.005330000000000057
55,model.input_blocks.14.0.out_layers.3,2359296,-6.768401590306894e-07,0.0011063598794862628,0.004139132797718048,0.000931945105548948,0.0011063602287322283,0.013978042832905919,0.002509664930403232,0.00349402907304466,-0.0015605087392032146,0.0791345164179802,-0.0015611856942996383,0.07914114743471146,0.009730000000000016
56,model.middle_block.0.in_layers.2,2359296,-2.1643055347908557e-08,0.0007638730457983911,0.0038008028641343117,0.0006512601976282895,0.0007638730457983911,0.009492995431701633,0.0015353785827755921,0.0026759892608970957,-0.0018600954208523035,0.08044547587633133,-0.0018601162591949105,0.08044879883527756,0.006709999999999994
57,model.middle_block.0.emb_layers.1,524288,-2.9629069331349456e-07,0.00032572014606557786,0.00135035440325737,0.0002741559292189777,0.0003257203206885606,0.0069498592678307585,0.0007160479202866555,0.001064063655212521,-0.0006586677627637982,0.04686255753040314,-0.0006589640397578478,0.046863146126270294,0.005210000000000048
58,model.middle_block.0.cond_emb_layers.1,262144,-1.3255287285574013e-06,0.0008055470534600317,0.002668781206011772,0.0006860592402517796,0.0008055481594055891,0.008028415172263029,0.001711089462041856,0.0021644725766964065,-0.003094916930422187,0.10028939694166183,-0.0030962435994297266,0.10029146075248718,0.00598999999999994
59,model.middle_block.0.out_layers.3,2359296,5.980312494102691e-07,0.001010129926726222,0.0037187784910202026,0.0008470694883726537,0.001010129926726222,0.013230300252185708,0.0024151583667844515,0.0031887748464941995,-0.0010939716594293714,0.07634193450212479,-0.001093373168259859,0.07634861767292023,0.00936999999999999
60,model.middle_block.2.in_layers.2,2359296,-3.637830161551392e-07,0.000761425937525928,0.0028745681047439575,0.0006518890149891376,0.0007614259957335889,0.009330519987607604,0.0015169683727435754,0.0022849546652287354,-0.0020031591411679983,0.08158138394355774,-0.0020035230554640293,0.08158479630947113,0.00607000000000002
61,model.middle_block.2.emb_layers.1,524288,-1.5846720202716824e-07,0.0003251131565775722,0.0013666003942489624,0.00027500756550580263,0.00032511321478523314,0.006942331439452745,0.0007041444070637227,0.001029963333159684,-0.0009210336720570922,0.04682149738073349,-0.0009211921715177596,0.046822719275951385,0.005079999999999973
62,model.middle_block.2.cond_emb_layers.1,262144,1.3359884860619786e-06,0.0007607679581269622,0.002665415406227112,0.0006473008543252945,0.0007607691222801805,0.007936830940788748,0.0016200882196426396,0.0020017196983098894,-0.0009207973489537835,0.09584859013557434,-0.0009194613667204976,0.09585262835025787,0.005649999999999933
63,model.middle_block.2.out_layers.3,2359296,6.839806587777275e-07,0.0008109876071102917,0.0037881582975387573,0.0006883784662932158,0.0008109879563562572,0.010579215994772892,0.001726717781275507,0.002880383813753735,-0.0011130705242976546,0.07665053755044937,-0.001112385536544025,0.07665365934371948,0.007509999999999961
64,model.output_blocks.0.0.in_layers.2,4718592,-9.184142335527667e-09,0.0007769411895424128,0.00331009179353714,0.0006630372372455895,0.0007769411895424128,0.009929495751542129,0.0016321553289890267,0.002446861212141811,-0.0011163422605022788,0.07823792845010757,-0.0011163516901433468,0.07824154943227768,0.006620000000000015
65,model.output_blocks.0.0.emb_layers.1,524288,-1.3229251294433197e-07,0.0003512086404953152,0.0013929083943367004,0.00029281407478265464,0.00035120866959914565,0.006973813359509271,0.0008887932635843756,0.0012031080303713643,-0.0010991523740813136,0.050349075347185135,-0.0010992848547175527,0.05035078153014183,0.005160000000000053
66,model.output_blocks.0.0.cond_emb_layers.1,262144,-6.877870077914849e-07,0.0008029741002246737,0.0023169368505477905,0.000684054393786937,0.0008029743912629783,0.00786785505091022,0.0016803707927465447,0.002005860202014446,-0.0023417144548147917,0.10203073173761368,-0.002342402236536145,0.10203421860933304,0.006279999999999952
67,model.output_blocks.0.0.out_layers.3,2359296,3.9825397379900096e-07,0.0009425953612662852,0.003392629325389862,0.0007998107466846704,0.0009425956523045897,0.011121952711687113,0.0020745994523167603,0.0026720107789151423,-0.0013837652513757348,0.08473964780569077,-0.0013833678094670177,0.08474607765674591,0.00828000000000001
68,model.output_blocks.1.0.in_layers.2,4718592,2.8198151369451807e-08,0.0008188399369828403,0.003363102674484253,0.0006940082530491054,0.0008188399369828403,0.01033583390981723,0.0019051656126976013,0.002733806312084197,-0.0014533869689330459,0.0792100802063942,-0.0014533594949170947,0.07921409606933594,0.007349999999999968
69,model.output_blocks.1.0.emb_layers.1,524288,-2.3800339477020316e-07,0.0003811880887951702,0.0014192461967468262,0.0003069454978685826,0.00038118817610666156,0.006915423632418207,0.0010212831851094963,0.0012225678414106364,-0.00097676704172045,0.05511278659105301,-0.0009770049946382642,0.055114127695560455,0.004850000000000021
70,model.output_blocks.1.0.cond_emb_layers.1,262144,6.965098009459325e-07,0.0009000973077490926,0.002410273998975754,0.0007698959088884294,0.0009000975987873971,0.007935955770051895,0.0017886277451179928,0.0020449693650007243,-0.008788269013166428,0.11307919025421143,-0.008787575177848339,0.11308808624744415,0.005700000000000038
71,model.output_blocks.1.0.out_layers.3,2359296,-2.6131667141271464e-07,0.0011528421891853213,0.0042533245868980885,0.0009721069363877177,0.001152842422015965,0.012542561770202708,0.0026606960222125033,0.003463807324878892,-0.0013235558290034533,0.09190496057271957,-0.0013238177634775639,0.0919126346707344,0.00945000000000007
72,model.output_blocks.2.0.in_layers.2,4128768,1.7762917536856548e-07,0.0009369176696054637,0.004468828439712524,0.0007760413573123515,0.0009369177860207856,0.011538109906235319,0.0024947529472410697,0.003476066857576371,-0.001465805689804256,0.08118895441293716,-0.0014656276907771826,0.08119487017393112,0.007939999999999947
73,model.output_blocks.2.0.emb_layers.1,524288,3.356402658027946e-07,0.0003471443196758628,0.001580946147441864,0.0002884907880797982,0.0003471444360911846,0.006502674158916172,0.0008252846077084542,0.0010569091099314387,-0.001451941323466599,0.05336512625217438,-0.0014516058145090938,0.05336620658636093,0.004510000000000014
74,model.output_blocks.2.0.cond_emb_layers.1,262144,8.099995056909393e-07,0.0008959810365922749,0.002576397266238928,0.0007666589226573706,0.0008959813858382404,0.00805191792793081,0.0017808079719543457,0.0020976656908169356,-0.00735580874606967,0.1110321432352066,-0.007354998029768467,0.11103295534849167,0.005950000000000011
75,model.output_blocks.2.0.out_layers.3,2359296,-1.3407757251115981e-06,0.0011142711155116558,0.004534224048256874,0.0009427855839021504,0.0011142719304189086,0.012276798296369962,0.002487525716423987,0.0033719651028514125,-0.0018503088504076004,0.09074357897043228,-0.001851649140007794,0.09075190126895905,0.008839999999999959
76,model.output_blocks.2.1.in_layers.2,2359296,3.0027734965187847e-07,0.0008809752180241048,0.0034979023039340973,0.0007435146253556013,0.0008809750434011221,0.010848733394165628,0.0020802997052669497,0.0026508025266230376,-0.002275018487125635,0.08117347210645676,-0.0022747169714421034,0.08117729425430298,0.008559999999999901
77,model.output_blocks.2.1.emb_layers.1,524288,3.9210613067552913e-07,0.0003472001408226788,0.001516716554760933,0.00028476634179241955,0.00034720031544566154,0.006889882564130014,0.0009207146195694808,0.001242531520780173,-0.0008685258217155933,0.05038529634475708,-0.0008681336184963584,0.0503864623606205,0.00541999999999998
78,model.output_blocks.2.1.cond_emb_layers.1,262144,-6.881657554913545e-07,0.000916073564440012,0.002883031964302063,0.000784465461038053,0.0009160738554783165,0.008025386537990703,0.001823876015841961,0.0022914382480084855,-0.008760423399508,0.11381033807992935,-0.00876111164689064,0.11381368339061737,0.006399999999999961
79,model.output_blocks.2.1.out_layers.3,2359296,1.424675701855449e-06,0.0012675178004428744,0.0040816329419612885,0.0010762738529592752,0.0012675189645960927,0.012920584379201527,0.0027327861636876963,0.003357370463199916,-0.0018474799580872059,0.09808339178562164,-0.0018460556166246533,0.09809109568595886,0.009739999999999971
80,model.output_blocks.3.0.in_layers.2,3096576,4.0069772921924596e-07,0.0009756871731951833,0.0038815587759017944,0.000817669671960175,0.0009756871731951833,0.01237328656555672,0.002336728386580944,0.0033441246487200087,-0.0016589940059930086,0.07883688807487488,-0.0016585931880399585,0.07884201407432556,0.009399999999999964
81,model.output_blocks.3.0.emb_layers.1,393216,1.2153090267474909e-07,0.00034810134093277156,0.0018342584371566772,0.0002782674855552614,0.000348101370036602,0.006931091155765735,0.0010339137166738505,0.001497780606150626,-0.00109680590685457,0.05021120235323906,-0.0010966842528432608,0.05021296441555023,0.0049399999999999444
82,model.output_blocks.3.0.cond_emb_layers.1,196608,6.442553512897575e-07,0.0008809285936877131,0.0023858100175857544,0.0007519279606640339,0.0008809288265183568,0.008090808770804205,0.001798905320465564,0.002149994507431996,-0.006451392080634832,0.10868891328573227,-0.006450748071074486,0.108688585460186,0.006199999999999983
83,model.output_blocks.3.0.out_layers.3,1327104,1.496283744018001e-06,0.0013069745618849993,0.004211306571960449,0.0011079327668994665,0.0013069752603769302,0.012032183562567737,0.0028396544605493543,0.0036462102998048103,-0.002122625708580017,0.10860253125429153,-0.0021211302373558283,0.10861079394817352,0.008889999999999953
84,model.output_blocks.4.0.in_layers.2,2654208,-5.076584557173192e-07,0.0011176678817719221,0.006133547052741051,0.000918448087759316,0.0011176681146025658,0.013829345908250714,0.0029174073832109572,0.00423822960304097,-0.0018512451788410544,0.08079742640256882,-0.0018517530988901854,0.08080494403839111,0.009700000000000042
85,model.output_blocks.4.0.emb_layers.1,393216,7.529588401666842e-07,0.00036677485331892967,0.002854723483324051,0.00029183109290897846,0.00036677561001852155,0.007194214374299494,0.0011304715648293487,0.0017474833317100982,-0.0014897189103066921,0.05096026137471199,-0.0014889658195897937,0.05096030235290527,0.0050200000000000244
86,model.output_blocks.4.0.cond_emb_layers.1,196608,-2.0220520582370227e-06,0.0008678386220708489,0.00240403413772583,0.0007384477066807449,0.0008678408921696246,0.008081539034591217,0.001803685054183006,0.0021220917329192214,-0.004804774187505245,0.10727807134389877,-0.004806796088814735,0.10728579759597778,0.006190000000000029
87,model.output_blocks.4.0.out_layers.3,1327104,-1.4955497817936703e-07,0.0013010733528062701,0.004630271345376968,0.0010894947918131948,0.0013010733528062701,0.012404808187920505,0.003094497765414416,0.004095780491828932,-0.0018750032177194953,0.10486787557601929,-0.0018751525785773993,0.10487545281648636,0.009830000000000005
88,model.output_blocks.5.0.in_layers.2,2211840,-9.703328629484531e-08,0.0011445452691987157,0.0056947506964206696,0.0009290712769143283,0.0011445452691987157,0.013913472308411,0.0031639163196086825,0.005092125125229285,-0.0018058144487440586,0.08224181830883026,-0.0018059104913845658,0.08224920928478241,0.010009999999999963
89,model.output_blocks.5.0.emb_layers.1,393216,-3.2289915452565765e-07,0.00036105039180256426,0.0019680093973875046,0.0002948609471786767,0.00036105053732171655,0.007118652208726453,0.00099348500370979,0.0015641024708747849,-0.0014743190258741379,0.05069751292467117,-0.0014746417291462421,0.05069904029369354,0.004850000000000021
90,model.output_blocks.5.0.cond_emb_layers.1,196608,-1.0983109177686856e-06,0.0008271629922091961,0.002192605286836624,0.0007049711421132088,0.000827163748908788,0.008069011733012563,0.001683685481548309,0.0019260088764131169,-0.0051710354164242744,0.10238063335418701,-0.005172133911401033,0.10238422453403473,0.006340000000000012
91,model.output_blocks.5.0.out_layers.3,1327104,1.3429710179480026e-06,0.0010222147684544325,0.0044260174036026,0.0008626642520539463,0.001022215699777007,0.011369192165763044,0.0023205786198377595,0.0035275026559832556,-0.0017275572754442692,0.08989445865154266,-0.0017262141918763518,0.08989918231964111,0.008660000000000001
92,model.output_blocks.5.2.in_layers.2,1327104,-3.391909046968067e-07,0.0009394651860930026,0.004038646817207336,0.0007888789987191558,0.0009394651860930026,0.010809617956879009,0.002230126475915312,0.0033285700995475784,-0.003247844288125634,0.08684948086738586,-0.003248182823881507,0.08685342967510223,0.007399999999999962
93,model.output_blocks.5.2.emb_layers.1,393216,7.97619122749893e-07,0.00035408628173172474,0.0015363916754722595,0.0002952201757580042,0.0003540871839504689,0.006724124149141187,0.0008718924131244414,0.0012263898365199395,-0.0015436079120263457,0.05263660475611687,-0.0015428103506565094,0.05263745039701462,0.0045600000000000085
94,model.output_blocks.5.2.cond_emb_layers.1,196608,-1.769902951309632e-06,0.0008879563538357615,0.002481237053871155,0.0007582140970043838,0.0008879581582732499,0.008188060485087818,0.0018067368119955049,0.0021442093406803943,-0.003334871493279934,0.10839419811964035,-0.0033366417046636343,0.10839767009019852,0.006730000000000014
95,model.output_blocks.5.2.out_layers.3,1327104,1.7441548152419273e-06,0.0011163658928126097,0.00760747492313385,0.000930408074054867,0.0011163672897964716,0.011153831968861917,0.0025253891944885254,0.005147244850173935,-0.0020876070484519005,0.10006649792194366,-0.0020858626812696457,0.10007316619157791,0.007990000000000053
96,model.output_blocks.6.0.in_layers.2,1474560,3.852200904930214e-07,0.0011407581623643637,0.006450153887271881,0.0009452025988139212,0.0011407582787796855,0.013437351544360498,0.0026828707754611957,0.004818190259858974,-0.0016741192666813731,0.08487808704376221,-0.0016737338155508041,0.0848875343799591,0.009610000000000007
97,model.output_blocks.6.0.emb_layers.1,262144,1.9651625393635186e-07,0.00040136498864740133,0.0022982489317655563,0.0003177968319505453,0.00040136504685506225,0.0076158856397732805,0.00121073503047228,0.0017092936362605538,-0.0016314659733325243,0.052675772458314896,-0.0016312693478539586,0.052678175270557404,0.005340000000000011
98,model.output_blocks.6.0.cond_emb_layers.1,131072,-1.2537232123577269e-06,0.0007988570141606033,0.0026045292615890503,0.0006739968666806817,0.0007988580036908388,0.008244019056358338,0.0017993846535682674,0.002119245439767839,-0.004992606583982706,0.09677283465862274,-0.0049938601441681385,0.09677701443433762,0.006259999999999932
99,model.output_blocks.6.0.out_layers.3,589824,3.928666956198867e-06,0.0016051542479544878,0.010366983711719513,0.0012979963794350624,0.0016051591373980045,0.014700659427935503,0.004355193451046947,0.007861944220960305,-0.0026827051769942045,0.10915664583444595,-0.00267877709120512,0.10917142033576965,0.010769999999999946
100,model.output_blocks.7.0.in_layers.2,1179648,-1.5292243915610015e-06,0.0013053524307906628,0.005689509212970734,0.0010733159724622965,0.001305353594943881,0.015539243968850478,0.003441990315914155,0.004569856584072066,-0.0013455479638651013,0.08399290591478348,-0.0013470769627019763,0.08400294184684753,0.011399999999999966
101,model.output_blocks.7.0.emb_layers.1,262144,1.1675795121846022e-06,0.0003798632533289492,0.001788027584552765,0.0003060972667299211,0.0003798649995587766,0.00763837374909164,0.001080951355397702,0.0015742448195815038,-0.0015178994508460164,0.049707964062690735,-0.0015167315723374486,0.049709122627973557,0.005319999999999991
102,model.output_blocks.7.0.cond_emb_layers.1,131072,2.9347638701437972e-06,0.0007698970148339868,0.002351433038711548,0.0006491314270533621,0.0007699026609770954,0.008254515804308948,0.0017517691105604152,0.0020679674856364776,-0.004939027596265078,0.09313962608575821,-0.004936092533171177,0.09314290434122086,0.006169999999999898
103,model.output_blocks.7.0.out_layers.3,589824,9.97621441456431e-07,0.0012748539447784424,0.0056745074689388275,0.0010574324987828732,0.001274854177609086,0.013314616446478678,0.0032947069406509405,0.00502379170712085,-0.002239885739982128,0.09572228044271469,-0.0022388878278434277,0.0957334116101265,0.01036999999999999
104,model.output_blocks.8.0.in_layers.2,884736,2.7824023618450155e-07,0.0013695554807782173,0.006897889077663422,0.0010935432510450482,0.0013695554807782173,0.015923289443915967,0.004081029258668425,0.005898233209736646,-0.0018415882950648665,0.08598988503217697,-0.0018413097131997347,0.08600088208913803,0.012139999999999984
105,model.output_blocks.8.0.emb_layers.1,262144,9.408990564452324e-08,0.000364350009476766,0.0018989890813827515,0.0002942150749731809,0.00036435003858059645,0.007744086021462807,0.0010053110308945183,0.0014681878155097226,-0.0015756187494844198,0.04702243208885193,-0.0015755246859043837,0.04702279344201088,0.005230000000000068
106,model.output_blocks.8.0.cond_emb_layers.1,131072,2.189335191360442e-06,0.0007226531160995364,0.002351224422454834,0.0006057065329514444,0.0007226564921438694,0.008189343896054645,0.0017447134107351284,0.002134876767639071,-0.0055997190065681934,0.08806565403938293,-0.005597529001533985,0.08806561678647995,0.006700000000000039
107,model.output_blocks.8.0.out_layers.3,589824,1.615486411310485e-07,0.0011188662610948086,0.008088922128081322,0.0009092240361496806,0.0011188662610948086,0.013356801251412127,0.0029098084289580586,0.006028771921061007,-0.0009671853040345013,0.08376193791627884,-0.0009670236613601446,0.08376970887184143,0.010670000000000068
108,model.output_blocks.8.1.in_layers.2,589824,4.775777711074625e-07,0.0009808839531615376,0.005633987486362457,0.0008136567194014788,0.0009808839531615376,0.011107630899019552,0.0024173724185675405,0.004183654334396308,-0.003854745766147971,0.08822305500507355,-0.003854266367852688,0.08822891861200333,0.008020000000000027
109,model.output_blocks.8.1.emb_layers.1,262144,-5.557290023716632e-07,0.00039111208752729,0.0019289124757051468,0.00031672429759055376,0.0003911124949809164,0.0075174905571738235,0.0010587327927351,0.0015349291674792718,-0.001512090559117496,0.05200503021478653,-0.0015126460930332541,0.052007291465997696,0.005589999999999984
110,model.output_blocks.8.1.cond_emb_layers.1,131072,3.5195148484490346e-06,0.000868393515702337,0.0034989863634109497,0.0007265363819897175,0.0008684006752446294,0.008338588319868325,0.0020598121359944343,0.002817995280027394,-0.002320539904758334,0.10411655902862549,-0.0023170202039182186,0.10411874949932098,0.006799999999999973
111,model.output_blocks.8.1.out_layers.3,589824,1.2522983752205619e-06,0.0012302709510549903,0.005127072334289551,0.0010380094172433019,0.0012302716495469213,0.011510057761169505,0.0027984957396984117,0.0039929223489016535,-0.0030373791232705116,0.10684353113174438,-0.0030361267272382975,0.10685017704963684,0.008469999999999978
112,model.output_blocks.9.0.in_layers.2,442368,-4.4109829104854725e-06,0.0014209121000021696,0.005276981741189957,0.0011761047644540668,0.0014209188520908356,0.016074079643724433,0.0036075524799525738,0.004837098577059791,-0.002905243542045355,0.08835038542747498,-0.0029096545185893774,0.08836067467927933,0.01263000000000003
113,model.output_blocks.9.0.emb_layers.1,131072,5.965176228528435e-07,0.00034522422356531024,0.001965414732694626,0.0002830595476552844,0.00034522474743425846,0.007665025886780588,0.0008912749588489528,0.0014397200476378253,-0.0021784731652587652,0.04498624429106712,-0.0021778768859803677,0.04498752951622009,0.005669999999999953
114,model.output_blocks.9.0.cond_emb_layers.1,65536,-1.367421418763115e-06,0.0007044179947115481,0.0021472126245498657,0.0005926333833485842,0.0007044192752800882,0.008100173978798907,0.0016212672926485538,0.0020522864162921877,-0.0009986474178731441,0.08695773780345917,-0.0010000148322433233,0.08696062117815018,0.006134033203125
115,model.output_blocks.9.0.out_layers.3,147456,7.956801709951833e-06,0.0015294780023396015,0.005666729062795639,0.0012741178506985307,0.0015294986078515649,0.013126305900736027,0.0039530301000923005,0.004972533623222283,-0.0011705304495990276,0.11651575565338135,-0.0011625736951828003,0.11652877181768417,0.011210000000000053
116,model.output_blocks.10.0.in_layers.2,294912,1.8646018133949838e-06,0.0013517549959942698,0.004306413233280182,0.0011286861263215542,0.00135175627656281,0.0156939927108058,0.0032270987890660767,0.0039054331425577207,-0.0018962323665618896,0.08611121773719788,-0.0018943676259368658,0.08612319827079773,0.013639999999999985
117,model.output_blocks.10.0.emb_layers.1,131072,6.922473971826548e-08,0.0003820122219622135,0.0014449022710323334,0.0003125002549495548,0.000382012251066044,0.00807427131418028,0.0010044199228286732,0.0012802819833159472,-0.0018148204544559121,0.04727746918797493,-0.0018147514201700687,0.047280289232730865,0.005700000000000038
118,model.output_blocks.10.0.cond_emb_layers.1,65536,-1.956044798134826e-06,0.0007083218661136925,0.0035359524190425873,0.0005849698791280389,0.0007083245436660945,0.008290190777647024,0.0017477836459875128,0.0030899097025393835,-0.002198023023083806,0.08541300892829895,-0.002199979033321142,0.08541819453239441,0.006683349609375
119,model.output_blocks.10.0.out_layers.3,147456,-2.1163830297155073e-06,0.001144055975601077,0.0033238285686820745,0.000962784222792834,0.0011440579546615481,0.01320948826644014,0.0025993686169385917,0.003152915947139275,-0.0014300539623945951,0.08659698069095612,-0.001432170276530087,0.08660633116960526,0.012230000000000019
120,model.output_blocks.11.0.in_layers.2,294912,-8.604176855442347e-07,0.0014819038333371282,0.004855208098888397,0.001223843079060316,0.0014819041825830936,0.01749375390309794,0.003767069466412068,0.004650732237845654,-0.0021642502397298813,0.08468282967805862,-0.002165110083296895,0.08469343930482864,0.014909999999999979
121,model.output_blocks.11.0.emb_layers.1,131072,-4.134470827921177e-07,0.00047711250954307616,0.001997441053390503,0.00038664587191306055,0.0004771126841660589,0.009031686562089147,0.0012629762478172774,0.0017882162332534812,-0.0009675680776126683,0.052817679941654205,-0.0009679815266281366,0.05281880497932434,0.007120000000000015
122,model.output_blocks.11.0.cond_emb_layers.1,65536,-1.6746589608374052e-06,0.0006382192368619144,0.0021269824355840683,0.0005319199990481138,0.0006382214487530291,0.00803283336012175,0.0015030726790428164,0.0019438798166811371,-0.0007914389716461301,0.07944764941930771,-0.0007931136060506105,0.07945197075605392,0.0061492919921875
123,model.output_blocks.11.0.out_layers.3,147456,-2.659275196492672e-06,0.0010826968355104327,0.0042598918080329895,0.0008962907595559955,0.0010827002115547657,0.014603872049287123,0.00281739793717862,0.003885735860094442,0.0010545807890594006,0.07413038611412048,0.0010519215138629079,0.07413695752620697,0.013639999999999985
124,model.output_blocks.11.1.in_layers.2,147456,2.6075313144247048e-06,0.0009416915709152818,0.004779726266860962,0.0007655916269868612,0.0009416952379979193,0.011369298433146671,0.0028042078949511067,0.004200521330349193,-0.002296617953106761,0.08279605954885483,-0.0022940104827284813,0.08280207216739655,0.008929999999999993
125,model.output_blocks.11.1.emb_layers.1,131072,2.289095988317058e-07,0.00041767547372728586,0.002680182456970215,0.0003368333855178207,0.00041767547372728586,0.008406559049314921,0.0010469454526901237,0.001989423050079502,-0.0008027202566154301,0.04967799410223961,-0.0008024913258850574,0.049679577350616455,0.0061500000000001
126,model.output_blocks.11.1.cond_emb_layers.1,65536,-3.303939138277201e-06,0.0008141715079545975,0.003914579749107361,0.0006627452094107866,0.0008141782600432634,0.008489402958107416,0.0020989857614040403,0.0034278382151387114,0.0013593336334452033,0.09589560329914093,0.0013560298830270767,0.09589635580778122,0.00634765625
127,model.output_blocks.11.1.out_layers.3,147456,1.7106447103287792e-06,0.0012708180584013462,0.0063551850616931915,0.0010205099824815989,0.0012708192225545645,0.013476813486847858,0.003721633180975918,0.005911600179970265,-0.001955307088792324,0.09427645057439804,-0.0019535969477146864,0.09428790211677551,0.011240000000000028
128,model.output_blocks.12.0.in_layers.2,294912,2.5738481781445444e-06,0.0016427880618721247,0.007616517134010792,0.0013119637733325362,0.0016427900409325957,0.02026663655917836,0.0046454932540655235,0.006664301655255203,-0.0023249201476573944,0.08102550357580185,-0.0023223459720611572,0.08104623109102249,0.01861999999999997
129,model.output_blocks.12.0.emb_layers.1,131072,-5.928613973082975e-07,0.00045412068720906973,0.0025593265891075134,0.00036320657818578184,0.00045412106555886567,0.008479135664264743,0.0012140924390405409,0.0019192126691341543,-0.0008205490885302424,0.05355118587613106,-0.000821141991764307,0.053553108125925064,0.006059999999999954
130,model.output_blocks.12.0.cond_emb_layers.1,65536,3.263216513005318e-06,0.0007896246970631182,0.0026466548442840576,0.0006561885820701718,0.0007896314491517842,0.008289554852847892,0.0018636281136423351,0.0024306588922627234,0.005881751887500286,0.09507443010807037,0.005885014776140451,0.09507866203784943,0.006378173828125
131,model.output_blocks.12.0.out_layers.3,147456,6.281917194428388e-06,0.001607658457942307,0.013853704556822777,0.0011266042711213231,0.0016076709143817425,0.02130635299083404,0.006408090423792604,0.012165378779172979,-0.0005267784581519663,0.07545315474271774,-0.0005204965709708631,0.07547101378440857,0.023280000000000023
132,model.output_blocks.13.0.in_layers.2,294912,-7.648031896678731e-07,0.0017169286729767919,0.006579031236469746,0.001387628959491849,0.0017169289058074355,0.02153283300437791,0.004669200973585248,0.005948579391464486,-0.0009102088515646756,0.07973019033670425,-0.0009109738166444004,0.07975254207849503,0.023299999999999987
133,model.output_blocks.13.0.emb_layers.1,131072,5.221788228482183e-07,0.0004313549434300512,0.002365194261074066,0.00034353756927885115,0.0004313552926760167,0.008821846411726944,0.0011794354021549217,0.0018796610198915011,5.955931555945426e-06,0.04889625310897827,6.478163413703442e-06,0.04889832064509392,0.007029999999999981
134,model.output_blocks.13.0.cond_emb_layers.1,65536,6.298914740909822e-07,0.0007512611337006092,0.0026895254850387573,0.0006129858084022999,0.0007512613665312529,0.009126096864868828,0.0018485140055418021,0.002332422770559784,0.004106756299734116,0.08221762627363205,0.004107386339455843,0.08222157508134842,0.00726318359375
135,model.output_blocks.13.0.out_layers.3,147456,-3.5822749850922264e-06,0.0016998936189338565,0.009798675775527954,0.0013153237523511052,0.001699897344224155,0.017858914758333587,0.005359647399745883,0.008781912634149413,-0.0005000888486392796,0.09518349170684814,-0.0005036710645072162,0.0951995849609375,0.021809999999999996
136,model.output_blocks.14.0.in_layers.2,294912,-4.4183590830471076e-07,0.0012117080623283982,0.004619769752025604,0.000997848343104124,0.00121170817874372,0.016727062247097288,0.0030332009866833698,0.004245024476200299,-0.0003170423733536154,0.07243930548429489,-0.0003174841986037791,0.07244586944580078,0.01606000000000002
137,model.output_blocks.14.0.emb_layers.1,131072,-5.437457843981974e-07,0.000572043121792376,0.003782861866056919,0.0004208096652291715,0.0005720434128306806,0.012178954311784887,0.0018071375042200033,0.003268554797396065,-0.00025000207824632525,0.04696916043758392,-0.00025054579600691795,0.0469721183180809,0.010079999999999978
138,model.output_blocks.14.0.cond_emb_layers.1,65536,-2.0845864128204994e-06,0.0007329061045311391,0.004269510507583618,0.0005601159064099193,0.0007329091313295066,0.01029341685427825,0.0022648969665169717,0.003770705685019486,-0.0025369555223733187,0.07115652412176132,-0.0025390400551259518,0.07116355001926422,0.00775146484375
139,model.output_blocks.14.0.out_layers.3,147456,3.505479071463924e-06,0.0012470531510189176,0.004049479961395264,0.0010256771929562092,0.001247058273293078,0.01224690655402213,0.0031055577099323274,0.003813653513789196,-0.001334985252469778,0.10181763768196106,-0.0013314797542989254,0.10182100534439087,0.01365999999999995
